,Rank,Team,Conf.,Record,#1 Match,#2 Match,#3 Match,"<a href=""Avg. Seed"">Avg. Seed</a>","<a href=""Most Likely Seed"">Most Likely Seed</a>","<a href=""Made Tourney"">Made Tourney</a>"
0,1,"<a href=""Baylor"">Baylor</a>",B12,11-0,"<a href=""Louisville2014"">Louisville2014</a>","<a href=""Duke2004"">Duke2004</a>","<a href=""Duke2011"">Duke2011</a>",2.35,1,10000.0%
1,2,"<a href=""Gonzaga"">Gonzaga</a>",WCC,13-0,"<a href=""North Carolina2009"">North Carolina2009</a>","<a href=""North Carolina2019"">North Carolina2019</a>","<a href=""North Carolina2005"">North Carolina2005</a>",2.49,1,10000.0%
2,3,"<a href=""Michigan"">Michigan</a>",B10,11-0,"<a href=""Villanova2016"">Villanova2016</a>","<a href=""Duke2013"">Duke2013</a>","<a href=""Kentucky2019"">Kentucky2019</a>",2.93,2,10000.0%
3,4,"<a href=""Wisconsin"">Wisconsin</a>",B10,10-3,"<a href=""West Virginia2009"">West Virginia2009</a>","<a href=""Syracuse2012"">Syracuse2012</a>","<a href=""Cincinnati2017"">Cincinnati2017</a>",3.91,3,10000.0%
4,5,"<a href=""Connecticut"">Connecticut</a>",BE,7-1,"<a href=""Syracuse2011"">Syracuse2011</a>","<a href=""Illinois2011"">Illinois2011</a>","<a href=""Texas A&M2010"">Texas A&M2010</a>",5.89,3,10000.0%
5,6,"<a href=""Texas"">Texas</a>",B12,10-2,"<a href=""Duke2005"">Duke2005</a>","<a href=""Illinois2003"">Illinois2003</a>","<a href=""Memphis2007"">Memphis2007</a>",3.46,4,9860.0%
6,7,"<a href=""Iowa"">Iowa</a>",B10,11-2,"<a href=""Iowa St.2016"">Iowa St.2016</a>","<a href=""Xavier2018"">Xavier2018</a>","<a href=""North Carolina2018"">North Carolina2018</a>",4.16,1,9860.0%
7,8,"<a href=""Illinois"">Illinois</a>",B10,9-4,"<a href=""Connecticut2006"">Connecticut2006</a>","<a href=""Purdue2017"">Purdue2017</a>","<a href=""Oklahoma2016"">Oklahoma2016</a>",4.1,3,9850.0%
8,9,"<a href=""Creighton"">Creighton</a>",BE,10-2,"<a href=""Purdue2017"">Purdue2017</a>","<a href=""Oklahoma2016"">Oklahoma2016</a>","<a href=""Wichita St.2017"">Wichita St.2017</a>",4.17,3,9840.0%
9,10,"<a href=""Tennessee"">Tennessee</a>",SEC,9-1,"<a href=""Michigan St.2012"">Michigan St.2012</a>","<a href=""Ohio St.2013"">Ohio St.2013</a>","<a href=""Pittsburgh2003"">Pittsburgh2003</a>",3.48,2,9830.0%
10,11,"<a href=""Colorado"">Colorado</a>",P12,10-3,"<a href=""Memphis2012"">Memphis2012</a>","<a href=""Louisville2019"">Louisville2019</a>","<a href=""Villanova2009"">Villanova2009</a>",5.11,3,9710.0%
11,12,"<a href=""USC"">USC</a>",P12,10-2,"<a href=""Michigan St.2009"">Michigan St.2009</a>","<a href=""Memphis2012"">Memphis2012</a>","<a href=""Louisville2019"">Louisville2019</a>",4.85,3,9620.0%
12,13,"<a href=""Saint Louis"">Saint Louis</a>",A10,7-1,"<a href=""West Virginia2015"">West Virginia2015</a>","<a href=""VCU2013"">VCU2013</a>","<a href=""California2016"">California2016</a>",5.65,4,9530.0%
13,14,"<a href=""Houston"">Houston</a>",Amer,10-1,"<a href=""Stanford2004"">Stanford2004</a>","<a href=""Indiana2002"">Indiana2002</a>","<a href=""Ohio St.2014"">Ohio St.2014</a>",4.49,5,9510.0%
14,15,"<a href=""Florida St."">Florida St.</a>",ACC,6-2,"<a href=""Iowa2016"">Iowa2016</a>","<a href=""Houston2018"">Houston2018</a>","<a href=""Arizona2005"">Arizona2005</a>",5.61,6,9470.0%
15,16,"<a href=""LSU"">LSU</a>",SEC,9-2,"<a href=""UCLA2014"">UCLA2014</a>","<a href=""Iowa St.2017"">Iowa St.2017</a>","<a href=""Texas2003"">Texas2003</a>",5.38,5,9460.0%
16,17,"<a href=""Villanova"">Villanova</a>",BE,8-1,"<a href=""Michigan2013"">Michigan2013</a>","<a href=""Wisconsin2014"">Wisconsin2014</a>","<a href=""Texas2008"">Texas2008</a>",4.68,2,9430.0%
17,18,"<a href=""Kansas"">Kansas</a>",B12,10-3,"<a href=""Villanova2009"">Villanova2009</a>","<a href=""Clemson2008"">Clemson2008</a>","<a href=""Marquette2008"">Marquette2008</a>",5.73,3,9350.0%
18,19,"<a href=""Texas Tech"">Texas Tech</a>",B12,11-3,"<a href=""Louisville2011"">Louisville2011</a>","<a href=""Louisville2008"">Louisville2008</a>","<a href=""Louisville2016"">Louisville2016</a>",4.39,5,9280.0%
19,20,"<a href=""UCLA"">UCLA</a>",P12,10-2,"<a href=""Colorado St.2013"">Colorado St.2013</a>","<a href=""Creighton2013"">Creighton2013</a>","<a href=""Villanova2019"">Villanova2019</a>",6.27,6,9270.0%
20,21,"<a href=""West Virginia"">West Virginia</a>",B12,9-4,"<a href=""West Virginia2015"">West Virginia2015</a>","<a href=""Clemson2008"">Clemson2008</a>","<a href=""LSU2006"">LSU2006</a>",6.14,5,9030.0%
21,22,"<a href=""Missouri"">Missouri</a>",SEC,7-2,"<a href=""UNLV2012"">UNLV2012</a>","<a href=""Georgia Tech2010"">Georgia Tech2010</a>","<a href=""Connecticut2002"">Connecticut2002</a>",6.7,6,8910.0%
22,23,"<a href=""Ohio St."">Ohio St.</a>",B10,10-3,"<a href=""Arizona2011"">Arizona2011</a>","<a href=""SMU2016"">SMU2016</a>","<a href=""Kentucky2014"">Kentucky2014</a>",5.75,5,8900.0%
23,24,"<a href=""Arizona"">Arizona</a>",P12,10-3,"<a href=""Gonzaga2002"">Gonzaga2002</a>","<a href=""Butler2018"">Butler2018</a>","<a href=""Notre Dame2002"">Notre Dame2002</a>",6.36,8,8880.0%
24,25,"<a href=""Louisville"">Louisville</a>",ACC,9-1,"<a href=""UCF2019"">UCF2019</a>","<a href=""St. John's2011"">St. John's2011</a>","<a href=""Texas2009"">Texas2009</a>",7.76,9,8820.0%
25,26,"<a href=""Purdue"">Purdue</a>",B10,9-5,"<a href=""St. John's2011"">St. John's2011</a>","<a href=""Texas2018"">Texas2018</a>","<a href=""Texas2004"">Texas2004</a>",7.66,6,8720.0%
26,27,"<a href=""Virginia"">Virginia</a>",ACC,8-2,"<a href=""Utah2005"">Utah2005</a>","<a href=""Washington St.2008"">Washington St.2008</a>","<a href=""Northern Iowa2015"">Northern Iowa2015</a>",6.08,4,8550.0%
27,28,"<a href=""Alabama"">Alabama</a>",SEC,10-3,"<a href=""Washington2010"">Washington2010</a>","<a href=""Louisville2003"">Louisville2003</a>","<a href=""Buffalo2019"">Buffalo2019</a>",5.13,4,8460.0%
28,29,"<a href=""Arkansas"">Arkansas</a>",SEC,10-3,"<a href=""Wake Forest2009"">Wake Forest2009</a>","<a href=""Washington2009"">Washington2009</a>","<a href=""Washington2010"">Washington2010</a>",5.29,4,8390.0%
29,30,"<a href=""San Diego St."">San Diego St.</a>",MWC,9-3,"<a href=""USC2009"">USC2009</a>","<a href=""Georgia2015"">Georgia2015</a>","<a href=""Virginia Tech2011"">Virginia Tech2011</a>",7.94,7,8340.0%
30,31,"<a href=""Oklahoma"">Oklahoma</a>",B12,7-4,"<a href=""Indiana2008"">Indiana2008</a>","<a href=""Oklahoma St.2010"">Oklahoma St.2010</a>","<a href=""Gonzaga2008"">Gonzaga2008</a>",7.53,8,8280.0%
31,32,"<a href=""Oregon"">Oregon</a>",P12,9-2,"<a href=""Alabama2002"">Alabama2002</a>","<a href=""VCU2016"">VCU2016</a>","<a href=""Texas A&M2018"">Texas A&M2018</a>",5.77,2,8270.0%
32,33,"<a href=""Syracuse"">Syracuse</a>",ACC,7-3,"<a href=""Kansas2004"">Kansas2004</a>","<a href=""Texas A&M2018"">Texas A&M2018</a>","<a href=""VCU2016"">VCU2016</a>",6.98,7,8130.0%
33,34,"<a href=""Indiana"">Indiana</a>",B10,8-6,"<a href=""Kansas St.2012"">Kansas St.2012</a>","<a href=""USC2008"">USC2008</a>","<a href=""UNLV2011"">UNLV2011</a>",7.22,5,7990.0%
34,35,"<a href=""Clemson"">Clemson</a>",ACC,9-1,"<a href=""South Carolina2002"">South Carolina2002</a>","<a href=""Florida St.2010"">Florida St.2010</a>","<a href=""Iowa2006"">Iowa2006</a>",6.06,5,7890.0%
35,36,"<a href=""Penn St."">Penn St.</a>",B10,3-4,"<a href=""Mississippi2019"">Mississippi2019</a>","<a href=""Vanderbilt2010"">Vanderbilt2010</a>","<a href=""Utah St.2019"">Utah St.2019</a>",6.93,8,7780.0%
36,37,"<a href=""Utah St."">Utah St.</a>",MWC,10-3,"<a href=""Oregon2013"">Oregon2013</a>","<a href=""UNLV2013"">UNLV2013</a>","<a href=""Tennessee2010"">Tennessee2010</a>",7.9,5,7700.0%
37,38,"<a href=""Rutgers"">Rutgers</a>",B10,7-4,"<a href=""Gonzaga2010"">Gonzaga2010</a>","<a href=""Memphis2004"">Memphis2004</a>","<a href=""Cincinnati2005"">Cincinnati2005</a>",7.93,7,7520.0%
38,39,"<a href=""Oklahoma St."">Oklahoma St.</a>",B12,9-3,"<a href=""Syracuse2007"">Syracuse2007</a>","<a href=""Minnesota2017"">Minnesota2017</a>","<a href=""Colorado2003"">Colorado2003</a>",6.8,4,7370.0%
39,40,"<a href=""Florida"">Florida</a>",SEC,6-3,"<a href=""Gonzaga2010"">Gonzaga2010</a>","<a href=""Memphis2004"">Memphis2004</a>","<a href=""Mississippi St.2007"">Mississippi St.2007</a>",7.34,8,7370.0%
40,41,"<a href=""Virginia Tech"">Virginia Tech</a>",ACC,10-2,"<a href=""South Carolina2004"">South Carolina2004</a>","<a href=""Baylor2013"">Baylor2013</a>","<a href=""Oklahoma2013"">Oklahoma2013</a>",9.39,10,7130.0%
41,42,"<a href=""Minnesota"">Minnesota</a>",B10,10-4,"<a href=""North Carolina2013"">North Carolina2013</a>","<a href=""Connecticut2003"">Connecticut2003</a>","<a href=""Kansas St.2008"">Kansas St.2008</a>",7.56,8,6910.0%
42,43,"<a href=""Xavier"">Xavier</a>",BE,10-2,"<a href=""Memphis2004"">Memphis2004</a>","<a href=""Gonzaga2010"">Gonzaga2010</a>","<a href=""Nebraska2018"">Nebraska2018</a>",8.25,7,6880.0%
43,44,"<a href=""Seton Hall"">Seton Hall</a>",BE,9-5,"<a href=""Nebraska2019"">Nebraska2019</a>","<a href=""Texas2005"">Texas2005</a>","<a href=""Arizona St.2003"">Arizona St.2003</a>",8.99,8,6730.0%
44,45,"<a href=""Drake"">Drake</a>",MVC,13-0,"<a href=""Nebraska2019"">Nebraska2019</a>","<a href=""Baylor2013"">Baylor2013</a>","<a href=""Texas2005"">Texas2005</a>",9.21,8,6690.0%
45,46,"<a href=""VCU"">VCU</a>",A10,10-3,"<a href=""Bradley2006"">Bradley2006</a>","<a href=""UAB2004"">UAB2004</a>","<a href=""Purdue2003"">Purdue2003</a>",8.1,9,6650.0%
46,47,"<a href=""BYU"">BYU</a>",WCC,10-3,"<a href=""Alabama2018"">Alabama2018</a>","<a href=""LSU2015"">LSU2015</a>","<a href=""Miami FL2002"">Miami FL2002</a>",8.86,9,6610.0%
47,48,"<a href=""Northwestern"">Northwestern</a>",B10,6-5,"<a href=""Creighton2003"">Creighton2003</a>","<a href=""TCU2019"">TCU2019</a>","<a href=""UCLA2013"">UCLA2013</a>",8.44,7,6570.0%
48,49,"<a href=""Maryland"">Maryland</a>",B10,8-6,"<a href=""Baylor2019"">Baylor2019</a>","<a href=""Mississippi2015"">Mississippi2015</a>","<a href=""Houston2017"">Houston2017</a>",9.45,9,6470.0%
49,50,"<a href=""Marquette"">Marquette</a>",BE,7-6,"<a href=""Texas2005"">Texas2005</a>","<a href=""Nebraska2019"">Nebraska2019</a>","<a href=""North Carolina St.2012"">North Carolina St.2012</a>",8.97,8,6290.0%
50,51,"<a href=""Boise St."">Boise St.</a>",MWC,12-1,"<a href=""Florida St.2006"">Florida St.2006</a>","<a href=""Arizona St.2014"">Arizona St.2014</a>","<a href=""Mississippi St.2018"">Mississippi St.2018</a>",9.07,10,6230.0%
51,52,"<a href=""Mississippi"">Mississippi</a>",SEC,6-5,"<a href=""Saint Louis2014"">Saint Louis2014</a>","<a href=""Villanova2013"">Villanova2013</a>","<a href=""Iowa2013"">Iowa2013</a>",7.17,5,6130.0%
52,53,"<a href=""Stanford"">Stanford</a>",P12,8-4,"<a href=""Wake Forest2010"">Wake Forest2010</a>","<a href=""Bradley2006"">Bradley2006</a>","<a href=""Duquesne2011"">Duquesne2011</a>",8.73,9,6050.0%
53,54,"<a href=""Duke"">Duke</a>",ACC,5-3,"<a href=""Mississippi St.2018"">Mississippi St.2018</a>","<a href=""Florida St.2006"">Florida St.2006</a>","<a href=""Arizona St.2014"">Arizona St.2014</a>",8.9,10,5950.0%
54,55,"<a href=""Loyola Chicago"">Loyola Chicago</a>",MVC,8-3,"<a href=""Connecticut2013"">Connecticut2013</a>","<a href=""Kansas St.2014"">Kansas St.2014</a>","<a href=""Georgia2018"">Georgia2018</a>",9.09,7,5760.0%
55,56,"<a href=""North Carolina St."">North Carolina St.</a>",ACC,6-4,"<a href=""Mississippi St.2018"">Mississippi St.2018</a>","<a href=""Gonzaga2003"">Gonzaga2003</a>","<a href=""Memphis2014"">Memphis2014</a>",8.65,7,5680.0%
56,57,"<a href=""North Carolina"">North Carolina</a>",ACC,8-4,"<a href=""Wake Forest2010"">Wake Forest2010</a>","<a href=""Purdue2003"">Purdue2003</a>","<a href=""Duquesne2011"">Duquesne2011</a>",9.06,9,5590.0%
57,58,"<a href=""Michigan St."">Michigan St.</a>",B10,8-4,"<a href=""Louisiana Tech2014"">Louisiana Tech2014</a>","<a href=""Siena2010"">Siena2010</a>","<a href=""Maryland2011"">Maryland2011</a>",9.44,13,5580.0%
58,59,"<a href=""Georgia Tech"">Georgia Tech</a>",ACC,6-3,"<a href=""California2003"">California2003</a>","<a href=""UAB2009"">UAB2009</a>","<a href=""VCU2009"">VCU2009</a>",9.93,11,5460.0%
59,60,"<a href=""Richmond"">Richmond</a>",A10,9-3,"<a href=""George Washington2004"">George Washington2004</a>","<a href=""Creighton2019"">Creighton2019</a>","<a href=""Missouri2002"">Missouri2002</a>",8.41,8,5300.0%
60,61,"<a href=""St. Bonaventure"">St. Bonaventure</a>",A10,5-1,"<a href=""VCU2009"">VCU2009</a>","<a href=""UAB2009"">UAB2009</a>","<a href=""California2003"">California2003</a>",10.09,11,4960.0%
61,62,"<a href=""Providence"">Providence</a>",BE,7-6,"<a href=""South Alabama2008"">South Alabama2008</a>","<a href=""Stephen F. Austin2015"">Stephen F. Austin2015</a>","<a href=""Xavier2019"">Xavier2019</a>",10.56,10,4730.0%
62,63,"<a href=""Utah"">Utah</a>",P12,5-5,"<a href=""Stanford2007"">Stanford2007</a>","<a href=""Old Dominion2018"">Old Dominion2018</a>","<a href=""Florida St.2008"">Florida St.2008</a>",10.29,11,4640.0%
63,64,"<a href=""Wichita St."">Wichita St.</a>",Amer,8-3,"<a href=""Stanford2009"">Stanford2009</a>","<a href=""Georgetown2016"">Georgetown2016</a>","<a href=""Virginia2007"">Virginia2007</a>",9.18,11,4560.0%
64,65,"<a href=""Toledo"">Toledo</a>",MAC,11-3,"<a href=""Gonzaga2007"">Gonzaga2007</a>","<a href=""Bradley2007"">Bradley2007</a>","<a href=""Rhode Island2010"">Rhode Island2010</a>",9.19,10,4420.0%
65,66,"<a href=""Kentucky"">Kentucky</a>",SEC,4-7,"<a href=""Auburn2003"">Auburn2003</a>","<a href=""Kentucky2009"">Kentucky2009</a>","<a href=""Stanford2005"">Stanford2005</a>",9.71,8,4320.0%
66,67,"<a href=""Auburn"">Auburn</a>",SEC,7-6,"<a href=""Boston College2002"">Boston College2002</a>","<a href=""Louisiana Lafayette2004"">Louisiana Lafayette2004</a>","<a href=""Illinois St.2013"">Illinois St.2013</a>",11.72,11,4090.0%
67,68,"<a href=""SMU"">SMU</a>",Amer,7-2,"<a href=""Arkansas2016"">Arkansas2016</a>","<a href=""LSU2014"">LSU2014</a>","<a href=""Virginia Tech2016"">Virginia Tech2016</a>",10.81,11,3580.0%
68,69,"<a href=""Memphis"">Memphis</a>",Amer,6-4,"<a href=""UAB2004"">UAB2004</a>","<a href=""BYU2012"">BYU2012</a>","<a href=""Maryland2006"">Maryland2006</a>",10.4,9,3440.0%
69,70,"<a href=""Mississippi St."">Mississippi St.</a>",SEC,8-5,"<a href=""Southern Miss2012"">Southern Miss2012</a>","<a href=""Northwestern2016"">Northwestern2016</a>","<a href=""Rutgers2006"">Rutgers2006</a>",10.17,9,3270.0%
70,71,"<a href=""Davidson"">Davidson</a>",A10,7-5,"<a href=""Stephen F. Austin2014"">Stephen F. Austin2014</a>","<a href=""Mississippi2003"">Mississippi2003</a>","<a href=""Harvard2011"">Harvard2011</a>",10.0,12,2980.0%
71,72,"<a href=""Tulsa"">Tulsa</a>",Amer,7-4,"<a href=""Ohio St.2003"">Ohio St.2003</a>","<a href=""Oklahoma2004"">Oklahoma2004</a>","<a href=""Dayton2009"">Dayton2009</a>",12.76,13,2950.0%
72,73,"<a href=""Massachusetts"">Massachusetts</a>",A10,4-3,"<a href=""Iona2016"">Iona2016</a>","<a href=""BYU2019"">BYU2019</a>","<a href=""BYU2006"">BYU2006</a>",13.26,13,2870.0%
73,74,"<a href=""Rhode Island"">Rhode Island</a>",A10,6-7,"<a href=""Villanova2003"">Villanova2003</a>","<a href=""Clemson2005"">Clemson2005</a>","<a href=""Clemson2006"">Clemson2006</a>",10.95,9,2780.0%
74,75,"<a href=""DePaul"">DePaul</a>",BE,1-4,"<a href=""Maryland2008"">Maryland2008</a>","<a href=""Louisiana Lafayette2003"">Louisiana Lafayette2003</a>","<a href=""BYU2013"">BYU2013</a>",11.97,13,2700.0%
75,76,"<a href=""UAB"">UAB</a>",CUSA,9-1,"<a href=""South Carolina2018"">South Carolina2018</a>","<a href=""North Carolina2003"">North Carolina2003</a>","<a href=""Clemson2006"">Clemson2006</a>",12.22,13,2650.0%
76,77,"<a href=""Wright St."">Wright St.</a>",Horz,8-3,"<a href=""Syracuse2002"">Syracuse2002</a>","<a href=""Georgetown2003"">Georgetown2003</a>","<a href=""Villanova2003"">Villanova2003</a>",11.54,13,2600.0%
77,78,"<a href=""Arizona St."">Arizona St.</a>",P12,4-5,"<a href=""Memphis2019"">Memphis2019</a>","<a href=""Louisville2002"">Louisville2002</a>","<a href=""Memphis2016"">Memphis2016</a>",10.23,8,2440.0%
78,79,"<a href=""South Carolina"">South Carolina</a>",SEC,3-2,"<a href=""Maryland2006"">Maryland2006</a>","<a href=""Massachusetts2012"">Massachusetts2012</a>","<a href=""Arizona St.2002"">Arizona St.2002</a>",12.12,13,2340.0%
79,80,"<a href=""South Dakota St."">South Dakota St.</a>",Sum,8-3,"<a href=""Niagara2004"">Niagara2004</a>","<a href=""Central Michigan2019"">Central Michigan2019</a>","<a href=""Long Beach St.2007"">Long Beach St.2007</a>",13.49,14,2290.0%
80,81,"<a href=""Furman"">Furman</a>",SC,9-3,"<a href=""Boise St.2016"">Boise St.2016</a>","<a href=""Ball St.2002"">Ball St.2002</a>","<a href=""UNLV2004"">UNLV2004</a>",12.58,13,2230.0%
81,82,"<a href=""UNLV"">UNLV</a>",MWC,2-6,"<a href=""Illinois Chicago2002"">Illinois Chicago2002</a>","<a href=""UNC Asheville2012"">UNC Asheville2012</a>","<a href=""Tennessee Martin2009"">Tennessee Martin2009</a>",15.14,15,2230.0%
82,83,"<a href=""Saint Mary's"">Saint Mary's</a>",WCC,9-4,"<a href=""Illinois2014"">Illinois2014</a>","<a href=""Valparaiso2015"">Valparaiso2015</a>","<a href=""Northern Iowa2013"">Northern Iowa2013</a>",11.83,13,2210.0%
83,84,"<a href=""North Texas"">North Texas</a>",CUSA,5-5,"<a href=""Tulsa2008"">Tulsa2008</a>","<a href=""Bucknell2011"">Bucknell2011</a>","<a href=""Stanford2006"">Stanford2006</a>",13.37,14,2180.0%
84,85,"<a href=""Bradley"">Bradley</a>",MVC,7-4,"<a href=""Nebraska2005"">Nebraska2005</a>","<a href=""Nebraska2006"">Nebraska2006</a>","<a href=""Georgia2008"">Georgia2008</a>",13.67,14,2170.0%
85,86,"<a href=""Pittsburgh"">Pittsburgh</a>",ACC,6-2,"<a href=""Hawaii2007"">Hawaii2007</a>","<a href=""San Francisco2017"">San Francisco2017</a>","<a href=""Davidson2009"">Davidson2009</a>",11.64,13,2140.0%
86,87,"<a href=""Missouri St."">Missouri St.</a>",MVC,8-1,"<a href=""Seton Hall2009"">Seton Hall2009</a>","<a href=""Montana2018"">Montana2018</a>","<a href=""Arizona St.2005"">Arizona St.2005</a>",11.38,12,2070.0%
87,88,"<a href=""St. John's"">St. John's</a>",BE,7-6,"<a href=""Georgia Southern2019"">Georgia Southern2019</a>","<a href=""Washington2004"">Washington2004</a>","<a href=""UNLV2002"">UNLV2002</a>",11.98,13,2060.0%
88,89,"<a href=""Winthrop"">Winthrop</a>",BSth,12-0,"<a href=""Marshall2018"">Marshall2018</a>","<a href=""BYU2017"">BYU2017</a>","<a href=""Georgia Southern2002"">Georgia Southern2002</a>",13.28,14,1990.0%
89,90,"<a href=""Boston College"">Boston College</a>",ACC,3-9,"<a href=""UT Arlington2017"">UT Arlington2017</a>","<a href=""Georgia St.2019"">Georgia St.2019</a>","<a href=""West Virginia2019"">West Virginia2019</a>",13.42,13,1870.0%
90,91,"<a href=""Marshall"">Marshall</a>",CUSA,7-2,"<a href=""Monmouth2016"">Monmouth2016</a>","<a href=""Massachusetts2012"">Massachusetts2012</a>","<a href=""Memphis2016"">Memphis2016</a>",12.14,14,1840.0%
91,92,"<a href=""San Francisco"">San Francisco</a>",WCC,9-6,"<a href=""Iowa2004"">Iowa2004</a>","<a href=""South Carolina2010"">South Carolina2010</a>","<a href=""Grand Canyon2018"">Grand Canyon2018</a>",12.86,13,1830.0%
92,93,"<a href=""Colorado St."">Colorado St.</a>",MWC,9-2,"<a href=""San Diego St.2002"">San Diego St.2002</a>","<a href=""Iowa2004"">Iowa2004</a>","<a href=""DePaul2018"">DePaul2018</a>",13.05,13,1780.0%
93,94,"<a href=""New Mexico St."">New Mexico St.</a>",WAC,2-1,"<a href=""Saint Mary's2005"">Saint Mary's2005</a>","<a href=""Creighton2004"">Creighton2004</a>","<a href=""Illinois St.2007"">Illinois St.2007</a>",12.27,14,1770.0%
94,95,"<a href=""Georgia St."">Georgia St.</a>",SB,7-2,"<a href=""Vanderbilt2002"">Vanderbilt2002</a>","<a href=""Washington2018"">Washington2018</a>","<a href=""Auburn2007"">Auburn2007</a>",13.56,13,1760.0%
95,96,"<a href=""Temple"">Temple</a>",Amer,2-3,"<a href=""Milwaukee2008"">Milwaukee2008</a>","<a href=""Tulsa2013"">Tulsa2013</a>","<a href=""Wagner2014"">Wagner2014</a>",15.62,16,1750.0%
96,97,"<a href=""Bryant"">Bryant</a>",NEC,9-3,"<a href=""Lipscomb2018"">Lipscomb2018</a>","<a href=""Green Bay2016"">Green Bay2016</a>","<a href=""Appalachian St.2003"">Appalachian St.2003</a>",14.49,15,1740.0%
97,98,"<a href=""Ohio"">Ohio</a>",MAC,7-5,"<a href=""Western Kentucky2006"">Western Kentucky2006</a>","<a href=""Oregon2004"">Oregon2004</a>","<a href=""Washington2014"">Washington2014</a>",14.02,14,1700.0%
98,99,"<a href=""Murray St."">Murray St.</a>",OVC,4-6,"<a href=""Tennessee St.2017"">Tennessee St.2017</a>","<a href=""Tennessee Tech2005"">Tennessee Tech2005</a>","<a href=""College of Charleston2005"">College of Charleston2005</a>",15.64,16,1690.0%
99,100,"<a href=""Liberty"">Liberty</a>",ASun,11-4,"<a href=""Cincinnati2009"">Cincinnati2009</a>","<a href=""Ohio2008"">Ohio2008</a>","<a href=""North Carolina Central2014"">North Carolina Central2014</a>",13.48,14,1610.0%
100,101,"<a href=""Western Kentucky"">Western Kentucky</a>",CUSA,9-4,"<a href=""Northwestern St.2006"">Northwestern St.2006</a>","<a href=""Iowa2003"">Iowa2003</a>","<a href=""Siena2008"">Siena2008</a>",14.06,14,1610.0%
101,102,"<a href=""Pacific"">Pacific</a>",WCC,4-1,"<a href=""Stanford2006"">Stanford2006</a>","<a href=""Morehead St.2010"">Morehead St.2010</a>","<a href=""Southwest Missouri St.2004"">Southwest Missouri St.2004</a>",13.4,14,1600.0%
102,103,"<a href=""Old Dominion"">Old Dominion</a>",CUSA,7-3,"<a href=""Virginia Tech2002"">Virginia Tech2002</a>","<a href=""Rutgers2010"">Rutgers2010</a>","<a href=""Vermont2010"">Vermont2010</a>",15.57,16,1600.0%
103,104,"<a href=""Nebraska"">Nebraska</a>",B10,4-8,"<a href=""South Florida2002"">South Florida2002</a>","<a href=""Milwaukee2002"">Milwaukee2002</a>","<a href=""Stephen F. Austin2018"">Stephen F. Austin2018</a>",13.29,14,1520.0%
104,105,"<a href=""Belmont"">Belmont</a>",OVC,13-1,"<a href=""Ohio2017"">Ohio2017</a>","<a href=""UTEP2008"">UTEP2008</a>","<a href=""Troy St.2003"">Troy St.2003</a>",13.92,14,1480.0%
105,106,"<a href=""Dayton"">Dayton</a>",A10,7-3,"<a href=""Penn2004"">Penn2004</a>","<a href=""Pacific2004"">Pacific2004</a>","<a href=""Western Michigan2008"">Western Michigan2008</a>",12.56,14,1440.0%
106,107,"<a href=""Georgia"">Georgia</a>",SEC,7-4,"<a href=""East Tennessee St.2002"">East Tennessee St.2002</a>","<a href=""UAB2003"">UAB2003</a>","<a href=""USC2003"">USC2003</a>",13.36,15,1440.0%
107,108,"<a href=""Indiana St."">Indiana St.</a>",MVC,4-7,"<a href=""Florida Gulf Coast2013"">Florida Gulf Coast2013</a>","<a href=""San Diego St.2004"">San Diego St.2004</a>","<a href=""Northern Colorado2010"">Northern Colorado2010</a>",14.88,15,1380.0%
108,109,"<a href=""Monmouth"">Monmouth</a>",MAAC,5-4,"<a href=""Wyoming2017"">Wyoming2017</a>","<a href=""UT Arlington2018"">UT Arlington2018</a>","<a href=""Wyoming2018"">Wyoming2018</a>",14.39,15,1370.0%
109,110,"<a href=""Vermont"">Vermont</a>",AE,5-3,"<a href=""Lamar2012"">Lamar2012</a>","<a href=""Baylor2003"">Baylor2003</a>","<a href=""Fairfield2010"">Fairfield2010</a>",14.54,16,1360.0%
110,111,"<a href=""FIU"">FIU</a>",CUSA,8-5,"<a href=""Duquesne2019"">Duquesne2019</a>","<a href=""Cal St. Fullerton2018"">Cal St. Fullerton2018</a>","<a href=""Murray St.2002"">Murray St.2002</a>",15.01,15,1350.0%
111,112,"<a href=""Texas A&M"">Texas A&M</a>",SEC,7-4,"<a href=""UAB2007"">UAB2007</a>","<a href=""Austin Peay2003"">Austin Peay2003</a>","<a href=""Indiana St.2012"">Indiana St.2012</a>",13.82,13,1340.0%
112,113,"<a href=""Georgetown"">Georgetown</a>",BE,3-8,"<a href=""Penn2018"">Penn2018</a>","<a href=""Stanford2017"">Stanford2017</a>","<a href=""Hawaii2015"">Hawaii2015</a>",14.02,13,1340.0%
113,114,"<a href=""Northeastern"">Northeastern</a>",CAA,5-5,"<a href=""Hawaii2003"">Hawaii2003</a>","<a href=""Central Connecticut2011"">Central Connecticut2011</a>","<a href=""UT Arlington2013"">UT Arlington2013</a>",14.91,15,1310.0%
114,115,"<a href=""UNC Asheville"">UNC Asheville</a>",BSth,6-6,"<a href=""Fairleigh Dickinson2005"">Fairleigh Dickinson2005</a>","<a href=""Indiana St.2019"">Indiana St.2019</a>","<a href=""Eastern Kentucky2004"">Eastern Kentucky2004</a>",15.84,16,1300.0%
115,116,"<a href=""East Tennessee St."">East Tennessee St.</a>",SC,6-4,"<a href=""East Carolina2017"">East Carolina2017</a>","<a href=""Bradley2004"">Bradley2004</a>","<a href=""Loyola Marymount2005"">Loyola Marymount2005</a>",15.76,16,1290.0%
116,117,"<a href=""Miami FL"">Miami FL</a>",ACC,5-6,"<a href=""Memphis2011"">Memphis2011</a>","<a href=""George Mason2004"">George Mason2004</a>","<a href=""Cal St. Bakersfield2016"">Cal St. Bakersfield2016</a>",12.4,12,1260.0%
117,118,"<a href=""UNC Wilmington"">UNC Wilmington</a>",CAA,6-3,"<a href=""San Francisco2007"">San Francisco2007</a>","<a href=""Oregon2009"">Oregon2009</a>","<a href=""Rider2010"">Rider2010</a>",15.33,16,1240.0%
118,119,"<a href=""Cincinnati"">Cincinnati</a>",Amer,3-7,"<a href=""Penn St.2017"">Penn St.2017</a>","<a href=""DePaul2018"">DePaul2018</a>","<a href=""Vanderbilt2003"">Vanderbilt2003</a>",13.88,13,1230.0%
119,120,"<a href=""La Salle"">La Salle</a>",A10,5-7,"<a href=""Bradley2004"">Bradley2004</a>","<a href=""Western Carolina2011"">Western Carolina2011</a>","<a href=""Jacksonville2011"">Jacksonville2011</a>",15.71,16,1220.0%
120,121,"<a href=""Saint Peter's"">Saint Peter's</a>",MAAC,6-5,"<a href=""East Carolina2017"">East Carolina2017</a>","<a href=""Loyola Marymount2005"">Loyola Marymount2005</a>","<a href=""Bradley2004"">Bradley2004</a>",15.74,16,1180.0%
121,122,"<a href=""Hawaii"">Hawaii</a>",BW,3-1,"<a href=""UT Arlington2015"">UT Arlington2015</a>","<a href=""Washington St.2016"">Washington St.2016</a>","<a href=""Fairleigh Dickinson2005"">Fairleigh Dickinson2005</a>",15.72,16,1150.0%
122,123,"<a href=""East Carolina"">East Carolina</a>",Amer,7-3,"<a href=""Oregon St.2003"">Oregon St.2003</a>","<a href=""South Carolina2011"">South Carolina2011</a>","<a href=""UC Irvine2018"">UC Irvine2018</a>",15.38,16,1130.0%
123,124,"<a href=""Buffalo"">Buffalo</a>",MAC,5-3,"<a href=""Monmouth2017"">Monmouth2017</a>","<a href=""UT Arlington2016"">UT Arlington2016</a>","<a href=""Minnesota2003"">Minnesota2003</a>",12.95,14,1120.0%
124,125,"<a href=""South Florida"">South Florida</a>",Amer,7-5,"<a href=""USC2013"">USC2013</a>","<a href=""Saint Louis2019"">Saint Louis2019</a>","<a href=""Georgia Tech2019"">Georgia Tech2019</a>",13.14,13,1120.0%
125,126,"<a href=""Northern Iowa"">Northern Iowa</a>",MVC,3-8,"<a href=""VCU2018"">VCU2018</a>","<a href=""Florida Gulf Coast2018"">Florida Gulf Coast2018</a>","<a href=""Boston College2017"">Boston College2017</a>",13.94,14,1110.0%
126,127,"<a href=""UTEP"">UTEP</a>",CUSA,6-4,"<a href=""South Dakota St.2014"">South Dakota St.2014</a>","<a href=""Evansville2017"">Evansville2017</a>","<a href=""Auburn2015"">Auburn2015</a>",14.91,15,1100.0%
127,128,"<a href=""Cleveland St."">Cleveland St.</a>",Horz,8-3,"<a href=""Fresno St.2010"">Fresno St.2010</a>","<a href=""Texas A&M Corpus Chris2010"">Texas A&M Corpus Chris2010</a>","<a href=""North Texas2019"">North Texas2019</a>",15.51,16,1090.0%
128,129,"<a href=""Kansas St."">Kansas St.</a>",B12,5-8,"<a href=""Old Dominion2008"">Old Dominion2008</a>","<a href=""Richmond2009"">Richmond2009</a>","<a href=""Utah St.2015"">Utah St.2015</a>",14.06,13,1080.0%
129,130,"<a href=""Coastal Carolina"">Coastal Carolina</a>",SB,9-2,"<a href=""Bucknell2019"">Bucknell2019</a>","<a href=""Cal St. Fullerton2018"">Cal St. Fullerton2018</a>","<a href=""Clemson2002"">Clemson2002</a>",14.88,15,1070.0%
130,131,"<a href=""UCF"">UCF</a>",Amer,3-4,"<a href=""Iowa2011"">Iowa2011</a>","<a href=""Virginia Tech2005"">Virginia Tech2005</a>","<a href=""UNLV2006"">UNLV2006</a>",12.55,13,1060.0%
131,132,"<a href=""Hofstra"">Hofstra</a>",CAA,6-6,"<a href=""Indiana2010"">Indiana2010</a>","<a href=""Fresno St.2005"">Fresno St.2005</a>","<a href=""Cal Poly2002"">Cal Poly2002</a>",15.45,15,1060.0%
132,133,"<a href=""College of Charleston"">College of Charleston</a>",CAA,5-6,"<a href=""Texas Southern2015"">Texas Southern2015</a>","<a href=""Drake2003"">Drake2003</a>","<a href=""Hartford2014"">Hartford2014</a>",15.0,15,1020.0%
133,134,"<a href=""Siena"">Siena</a>",MAAC,4-0,"<a href=""Jacksonville2009"">Jacksonville2009</a>","<a href=""Northern Illinois2019"">Northern Illinois2019</a>","<a href=""IPFW2014"">IPFW2014</a>",14.74,15,990.0%
134,135,"<a href=""UMBC"">UMBC</a>",AE,9-2,"<a href=""Drake2004"">Drake2004</a>","<a href=""Rider2002"">Rider2002</a>","<a href=""Eastern Washington2002"">Eastern Washington2002</a>",15.38,16,980.0%
135,136,"<a href=""Tulane"">Tulane</a>",Amer,6-3,"<a href=""Boise St.2002"">Boise St.2002</a>","<a href=""Lehigh2015"">Lehigh2015</a>","<a href=""Furman2002"">Furman2002</a>",15.43,15,980.0%
136,137,"<a href=""Valparaiso"">Valparaiso</a>",MVC,3-7,"<a href=""Cal St. Northridge2004"">Cal St. Northridge2004</a>","<a href=""Evansville2006"">Evansville2006</a>","<a href=""Northern Arizona2003"">Northern Arizona2003</a>",16.0,16,980.0%
137,138,"<a href=""Montana"">Montana</a>",BSky,6-6,"<a href=""Southern Miss2002"">Southern Miss2002</a>","<a href=""Rider2013"">Rider2013</a>","<a href=""Manhattan2009"">Manhattan2009</a>",15.54,16,970.0%
138,139,"<a href=""Notre Dame"">Notre Dame</a>",ACC,3-8,"<a href=""Oregon St.2014"">Oregon St.2014</a>","<a href=""Utah2019"">Utah2019</a>","<a href=""Northern Iowa2014"">Northern Iowa2014</a>",11.56,13,950.0%
139,140,"<a href=""Little Rock"">Little Rock</a>",SB,7-4,"<a href=""Ohio2011"">Ohio2011</a>","<a href=""Utah St.2018"">Utah St.2018</a>","<a href=""TCU2012"">TCU2012</a>",15.33,15,950.0%
140,141,"<a href=""George Mason"">George Mason</a>",A10,6-5,"<a href=""Manhattan2012"">Manhattan2012</a>","<a href=""Virginia Tech2004"">Virginia Tech2004</a>","<a href=""Rutgers2017"">Rutgers2017</a>",15.44,15,950.0%
141,142,"<a href=""UC Irvine"">UC Irvine</a>",BW,6-4,"<a href=""South Florida2003"">South Florida2003</a>","<a href=""Eastern Washington2003"">Eastern Washington2003</a>","<a href=""Mississippi St.2006"">Mississippi St.2006</a>",14.88,15,940.0%
142,143,"<a href=""Colgate"">Colgate</a>",Pat,3-1,"<a href=""Wyoming2009"">Wyoming2009</a>","<a href=""Rider2008"">Rider2008</a>","<a href=""Texas Tech2011"">Texas Tech2011</a>",14.67,14,930.0%
143,144,"<a href=""Texas St."">Texas St.</a>",SB,7-4,"<a href=""Austin Peay2005"">Austin Peay2005</a>","<a href=""Minnesota2007"">Minnesota2007</a>","<a href=""Tulane2008"">Tulane2008</a>",15.7,16,930.0%
144,145,"<a href=""Texas Southern"">Texas Southern</a>",SWAC,2-6,"<a href=""Gardner Webb2016"">Gardner Webb2016</a>","<a href=""NJIT2016"">NJIT2016</a>","<a href=""Texas Southern2017"">Texas Southern2017</a>",15.82,16,930.0%
145,146,"<a href=""Eastern Kentucky"">Eastern Kentucky</a>",OVC,11-2,"<a href=""East Tennessee St.2003"">East Tennessee St.2003</a>","<a href=""Georgia Southern2005"">Georgia Southern2005</a>","<a href=""Utah Valley2017"">Utah Valley2017</a>",14.68,15,910.0%
146,147,"<a href=""UC Riverside"">UC Riverside</a>",BW,4-3,"<a href=""College of Charleston2007"">College of Charleston2007</a>","<a href=""Auburn2006"">Auburn2006</a>","<a href=""Akron2011"">Akron2011</a>",14.97,15,910.0%
147,148,"<a href=""South Dakota"">South Dakota</a>",Sum,6-6,"<a href=""Belmont2003"">Belmont2003</a>","<a href=""North Texas2010"">North Texas2010</a>","<a href=""Oregon2009"">Oregon2009</a>",15.13,15,910.0%
148,149,"<a href=""Navy"">Navy</a>",Pat,7-1,"<a href=""Wright St.2004"">Wright St.2004</a>","<a href=""Albany2008"">Albany2008</a>","<a href=""UC Irvine2005"">UC Irvine2005</a>",15.72,16,900.0%
149,150,"<a href=""Portland"">Portland</a>",WCC,6-6,"<a href=""Sam Houston St.2004"">Sam Houston St.2004</a>","<a href=""Florida A&M2004"">Florida A&M2004</a>","<a href=""UNC Greensboro2013"">UNC Greensboro2013</a>",16.0,16,900.0%
150,151,"<a href=""Bowling Green"">Bowling Green</a>",MAC,9-3,"<a href=""Lehigh2017"">Lehigh2017</a>","<a href=""Detroit2011"">Detroit2011</a>","<a href=""Siena2016"">Siena2016</a>",14.18,14,880.0%
151,152,"<a href=""Loyola MD"">Loyola MD</a>",Pat,0-0,"<a href=""Texas Southern2017"">Texas Southern2017</a>","<a href=""Kennesaw St.2016"">Kennesaw St.2016</a>","<a href=""Boston University2016"">Boston University2016</a>",16.0,16,880.0%
152,153,"<a href=""Akron"">Akron</a>",MAC,4-3,"<a href=""Marshall2004"">Marshall2004</a>","<a href=""Charleston Southern2019"">Charleston Southern2019</a>","<a href=""Cal Poly2002"">Cal Poly2002</a>",15.51,16,840.0%
153,154,"<a href=""UC San Diego"">UC San Diego</a>",BW,2-1,"<a href=""Columbia2017"">Columbia2017</a>","<a href=""NJIT2016"">NJIT2016</a>","<a href=""Howard2002"">Howard2002</a>",15.74,16,830.0%
154,155,"<a href=""TCU"">TCU</a>",B12,9-5,"<a href=""San Diego2019"">San Diego2019</a>","<a href=""Rice2005"">Rice2005</a>","<a href=""Denver2005"">Denver2005</a>",14.21,14,820.0%
155,156,"<a href=""UNC Greensboro"">UNC Greensboro</a>",SC,7-5,"<a href=""Wyoming2006"">Wyoming2006</a>","<a href=""New Orleans2002"">New Orleans2002</a>","<a href=""Delaware2004"">Delaware2004</a>",15.33,16,820.0%
156,157,"<a href=""North Dakota St."">North Dakota St.</a>",Sum,6-6,"<a href=""Central Michigan2010"">Central Michigan2010</a>","<a href=""Northern Iowa2019"">Northern Iowa2019</a>","<a href=""Yale2014"">Yale2014</a>",15.83,16,820.0%
157,158,"<a href=""Eastern Illinois"">Eastern Illinois</a>",OVC,5-7,"<a href=""Penn2014"">Penn2014</a>","<a href=""Wake Forest2011"">Wake Forest2011</a>","<a href=""UMKC2014"">UMKC2014</a>",16.0,16,820.0%
158,159,"<a href=""Milwaukee"">Milwaukee</a>",Horz,5-2,"<a href=""FIU2013"">FIU2013</a>","<a href=""Hawaii2018"">Hawaii2018</a>","<a href=""Fresno St.2005"">Fresno St.2005</a>",15.62,16,800.0%
159,160,"<a href=""Grand Canyon"">Grand Canyon</a>",WAC,6-3,"<a href=""Marist2008"">Marist2008</a>","<a href=""Rutgers2005"">Rutgers2005</a>","<a href=""Albany2006"">Albany2006</a>",15.42,16,780.0%
160,161,"<a href=""Illinois St."">Illinois St.</a>",MVC,4-6,"<a href=""Tennessee Martin2003"">Tennessee Martin2003</a>","<a href=""UTSA2006"">UTSA2006</a>","<a href=""Cal St. Northridge2016"">Cal St. Northridge2016</a>",15.83,16,770.0%
161,162,"<a href=""Washington"">Washington</a>",P12,1-10,"<a href=""IUPUI2002"">IUPUI2002</a>","<a href=""Ohio2019"">Ohio2019</a>","<a href=""Fairleigh Dickinson2006"">Fairleigh Dickinson2006</a>",15.61,16,750.0%
162,163,"<a href=""Fresno St."">Fresno St.</a>",MWC,5-3,"<a href=""Oregon St.2007"">Oregon St.2007</a>","<a href=""Robert Morris2015"">Robert Morris2015</a>","<a href=""Bradley2011"">Bradley2011</a>",15.74,16,740.0%
163,164,"<a href=""Saint Joseph's"">Saint Joseph's</a>",A10,1-9,"<a href=""Saint Peter's2005"">Saint Peter's2005</a>","<a href=""Nebraska Omaha2014"">Nebraska Omaha2014</a>","<a href=""New Mexico2019"">New Mexico2019</a>",14.76,14,730.0%
164,165,"<a href=""George Washington"">George Washington</a>",A10,3-8,"<a href=""Valparaiso2006"">Valparaiso2006</a>","<a href=""Tennessee St.2005"">Tennessee St.2005</a>","<a href=""Loyola MD2006"">Loyola MD2006</a>",15.63,16,730.0%
165,166,"<a href=""Oral Roberts"">Oral Roberts</a>",Sum,6-6,"<a href=""Lamar2008"">Lamar2008</a>","<a href=""Troy2009"">Troy2009</a>","<a href=""Mercer2003"">Mercer2003</a>",14.77,15,720.0%
166,167,"<a href=""Nevada"">Nevada</a>",MWC,8-5,"<a href=""Old Dominion2004"">Old Dominion2004</a>","<a href=""VCU2003"">VCU2003</a>","<a href=""Belmont2010"">Belmont2010</a>",15.4,16,710.0%
167,168,"<a href=""Washington St."">Washington St.</a>",P12,9-3,"<a href=""Cal St. Bakersfield2017"">Cal St. Bakersfield2017</a>","<a href=""Sam Houston St.2008"">Sam Houston St.2008</a>","<a href=""St. John's2013"">St. John's2013</a>",14.42,15,700.0%
168,169,"<a href=""Chattanooga"">Chattanooga</a>",SC,11-3,"<a href=""UAB2017"">UAB2017</a>","<a href=""North Dakota St.2018"">North Dakota St.2018</a>","<a href=""East Carolina2016"">East Carolina2016</a>",15.38,15,700.0%
169,170,"<a href=""NJIT"">NJIT</a>",AE,4-4,"<a href=""Duquesne2002"">Duquesne2002</a>","<a href=""Coastal Carolina2014"">Coastal Carolina2014</a>","<a href=""Tulane2004"">Tulane2004</a>",16.0,16,700.0%
170,171,"<a href=""Lafayette"">Lafayette</a>",Pat,3-1,"<a href=""Cal Baptist2019"">Cal Baptist2019</a>","<a href=""Oakland2019"">Oakland2019</a>","<a href=""Cal St. Fullerton2012"">Cal St. Fullerton2012</a>",15.78,16,680.0%
171,172,"<a href=""Eastern Washington"">Eastern Washington</a>",BSky,3-4,"<a href=""Cal St. Northridge2008"">Cal St. Northridge2008</a>","<a href=""Nevada2002"">Nevada2002</a>","<a href=""Georgia Southern2004"">Georgia Southern2004</a>",14.74,15,670.0%
172,173,"<a href=""Wyoming"">Wyoming</a>",MWC,7-4,"<a href=""Oakland2013"">Oakland2013</a>","<a href=""Morehead St.2017"">Morehead St.2017</a>","<a href=""Cal St. Fullerton2013"">Cal St. Fullerton2013</a>",16.0,16,670.0%
173,174,"<a href=""Charlotte"">Charlotte</a>",CUSA,5-5,"<a href=""Arkansas Little Rock2005"">Arkansas Little Rock2005</a>","<a href=""George Washington2011"">George Washington2011</a>","<a href=""TCU2009"">TCU2009</a>",15.21,15,660.0%
174,175,"<a href=""Ball St."">Ball St.</a>",MAC,5-5,"<a href=""Brown2014"">Brown2014</a>","<a href=""Iona2003"">Iona2003</a>","<a href=""Vermont2008"">Vermont2008</a>",15.32,15,660.0%
175,176,"<a href=""UC Davis"">UC Davis</a>",BW,2-2,"<a href=""Penn2014"">Penn2014</a>","<a href=""Louisiana Lafayette2013"">Louisiana Lafayette2013</a>","<a href=""Western Michigan2019"">Western Michigan2019</a>",16.0,16,660.0%
176,177,"<a href=""Florida Gulf Coast"">Florida Gulf Coast</a>",ASun,5-2,"<a href=""Gardner Webb2005"">Gardner Webb2005</a>","<a href=""Wagner2008"">Wagner2008</a>","<a href=""Hofstra2008"">Hofstra2008</a>",16.0,16,650.0%
177,178,"<a href=""UT Arlington"">UT Arlington</a>",SB,6-6,"<a href=""Illinois Chicago2019"">Illinois Chicago2019</a>","<a href=""Boston University2017"">Boston University2017</a>","<a href=""Ball St.2018"">Ball St.2018</a>",15.26,15,630.0%
178,179,"<a href=""Pepperdine"">Pepperdine</a>",WCC,4-6,"<a href=""Detroit2011"">Detroit2011</a>","<a href=""Lehigh2017"">Lehigh2017</a>","<a href=""San Diego2006"">San Diego2006</a>",14.68,15,620.0%
179,180,"<a href=""Butler"">Butler</a>",BE,3-7,"<a href=""Saint Mary's2007"">Saint Mary's2007</a>","<a href=""Long Beach St.2015"">Long Beach St.2015</a>","<a href=""Boston University2003"">Boston University2003</a>",14.76,15,620.0%
180,181,"<a href=""Gardner Webb"">Gardner Webb</a>",BSth,3-8,"<a href=""Coastal Carolina2017"">Coastal Carolina2017</a>","<a href=""Coastal Carolina2018"">Coastal Carolina2018</a>","<a href=""Southwest Texas St.2003"">Southwest Texas St.2003</a>",15.76,16,600.0%
181,182,"<a href=""Tennessee St."">Tennessee St.</a>",OVC,2-7,"<a href=""Quinnipiac2016"">Quinnipiac2016</a>","<a href=""Hampton2006"">Hampton2006</a>","<a href=""Mount St. Mary's2016"">Mount St. Mary's2016</a>",16.0,16,600.0%
182,183,"<a href=""Santa Clara"">Santa Clara</a>",WCC,7-3,"<a href=""Sam Houston St.2005"">Sam Houston St.2005</a>","<a href=""Brown2019"">Brown2019</a>","<a href=""Nevada2016"">Nevada2016</a>",14.76,15,590.0%
183,184,"<a href=""Iowa St."">Iowa St.</a>",B12,2-7,"<a href=""Georgia St.2017"">Georgia St.2017</a>","<a href=""Towson2017"">Towson2017</a>","<a href=""Niagara2010"">Niagara2010</a>",14.79,14,590.0%
184,185,"<a href=""VMI"">VMI</a>",SC,6-6,"<a href=""UC Irvine2011"">UC Irvine2011</a>","<a href=""Eastern Michigan2005"">Eastern Michigan2005</a>","<a href=""Florida Atlantic2008"">Florida Atlantic2008</a>",15.71,16,590.0%
185,186,"<a href=""Southern Utah"">Southern Utah</a>",BSky,9-2,"<a href=""Loyola MD2006"">Loyola MD2006</a>","<a href=""IUPUI2019"">IUPUI2019</a>","<a href=""Jacksonville St.2003"">Jacksonville St.2003</a>",16.0,16,590.0%
186,187,"<a href=""Louisiana Tech"">Louisiana Tech</a>",CUSA,9-4,"<a href=""Eastern Washington2003"">Eastern Washington2003</a>","<a href=""Drexel2003"">Drexel2003</a>","<a href=""TCU2005"">TCU2005</a>",14.1,12,580.0%
187,188,"<a href=""Southern Illinois"">Southern Illinois</a>",MVC,7-3,"<a href=""Youngstown St.2013"">Youngstown St.2013</a>","<a href=""Belmont2003"">Belmont2003</a>","<a href=""Toledo2013"">Toledo2013</a>",15.29,15,580.0%
188,189,"<a href=""San Diego"">San Diego</a>",WCC,1-4,"<a href=""Delaware2003"">Delaware2003</a>","<a href=""Eastern Washington2002"">Eastern Washington2002</a>","<a href=""Drake2004"">Drake2004</a>",15.5,15,580.0%
189,190,"<a href=""Canisius"">Canisius</a>",MAAC,3-3,"<a href=""Western Carolina2016"">Western Carolina2016</a>","<a href=""Florida Gulf Coast2019"">Florida Gulf Coast2019</a>","<a href=""Missouri St.2016"">Missouri St.2016</a>",15.67,16,580.0%
190,191,"<a href=""Central Arkansas"">Central Arkansas</a>",Slnd,3-9,"<a href=""Green Bay2018"">Green Bay2018</a>","<a href=""Nebraska Omaha2015"">Nebraska Omaha2015</a>","<a href=""Arkansas St.2016"">Arkansas St.2016</a>",16.0,16,580.0%
191,192,"<a href=""IUPUI"">IUPUI</a>",Horz,1-4,"<a href=""Tennessee Martin2002"">Tennessee Martin2002</a>","<a href=""Southern Utah2019"">Southern Utah2019</a>","<a href=""LIU Brooklyn2019"">LIU Brooklyn2019</a>",16.0,16,570.0%
192,193,"<a href=""Abilene Christian"">Abilene Christian</a>",Slnd,10-2,"<a href=""Georgia Tech2011"">Georgia Tech2011</a>","<a href=""George Washington2013"">George Washington2013</a>","<a href=""UAB2002"">UAB2002</a>",12.3,13,550.0%
193,194,"<a href=""Louisiana Lafayette"">Louisiana Lafayette</a>",SB,8-3,"<a href=""Louisiana Monroe2002"">Louisiana Monroe2002</a>","<a href=""DePaul2002"">DePaul2002</a>","<a href=""UT Rio Grande Valley2019"">UT Rio Grande Valley2019</a>",15.25,15,540.0%
194,195,"<a href=""Samford"">Samford</a>",SC,5-6,"<a href=""Appalachian St.2002"">Appalachian St.2002</a>","<a href=""Alcorn St.2002"">Alcorn St.2002</a>","<a href=""Charlotte2017"">Charlotte2017</a>",16.0,16,540.0%
195,196,"<a href=""Wake Forest"">Wake Forest</a>",ACC,3-4,"<a href=""UNC Asheville2017"">UNC Asheville2017</a>","<a href=""Oregon St.2005"">Oregon St.2005</a>","<a href=""Georgia2019"">Georgia2019</a>",14.61,14,530.0%
196,197,"<a href=""Loyola Marymount"">Loyola Marymount</a>",WCC,6-3,"<a href=""George Washington2010"">George Washington2010</a>","<a href=""South Florida2019"">South Florida2019</a>","<a href=""Cal St. Northridge2005"">Cal St. Northridge2005</a>",13.84,15,520.0%
197,198,"<a href=""Stephen F. Austin"">Stephen F. Austin</a>",Slnd,6-2,"<a href=""Bradley2005"">Bradley2005</a>","<a href=""Boise St.2010"">Boise St.2010</a>","<a href=""Boise St.2006"">Boise St.2006</a>",15.0,15,520.0%
198,199,"<a href=""Cal St. Bakersfield"">Cal St. Bakersfield</a>",BW,7-4,"<a href=""Richmond2008"">Richmond2008</a>","<a href=""Drake2009"">Drake2009</a>","<a href=""DePaul2010"">DePaul2010</a>",15.26,15,520.0%
199,200,"<a href=""Drexel"">Drexel</a>",CAA,5-4,"<a href=""Sam Houston St.2011"">Sam Houston St.2011</a>","<a href=""Albany2005"">Albany2005</a>","<a href=""Valparaiso2014"">Valparaiso2014</a>",15.75,16,520.0%
200,201,"<a href=""UMass Lowell"">UMass Lowell</a>",AE,4-8,"<a href=""Youngstown St.2004"">Youngstown St.2004</a>","<a href=""South Carolina St.2002"">South Carolina St.2002</a>","<a href=""Hofstra2003"">Hofstra2003</a>",16.0,16,510.0%
201,202,"<a href=""Montana St."">Montana St.</a>",BSky,6-3,"<a href=""North Texas2014"">North Texas2014</a>","<a href=""McNeese St.2003"">McNeese St.2003</a>","<a href=""Florida Gulf Coast2019"">Florida Gulf Coast2019</a>",15.69,16,500.0%
202,203,"<a href=""UTSA"">UTSA</a>",CUSA,5-6,"<a href=""Idaho St.2006"">Idaho St.2006</a>","<a href=""Iona2019"">Iona2019</a>","<a href=""Washington St.2019"">Washington St.2019</a>",16.0,16,490.0%
203,204,"<a href=""Hartford"">Hartford</a>",AE,8-5,"<a href=""Wyoming2011"">Wyoming2011</a>","<a href=""Binghamton2007"">Binghamton2007</a>","<a href=""Coastal Carolina2014"">Coastal Carolina2014</a>",16.0,16,490.0%
204,205,"<a href=""Jackson St."">Jackson St.</a>",SWAC,1-5,"<a href=""Hampton2006"">Hampton2006</a>","<a href=""Quinnipiac2016"">Quinnipiac2016</a>","<a href=""Louisiana Monroe2004"">Louisiana Monroe2004</a>",16.0,16,490.0%
205,206,"<a href=""Northern Illinois"">Northern Illinois</a>",MAC,2-9,"<a href=""Dartmouth2007"">Dartmouth2007</a>","<a href=""Siena2013"">Siena2013</a>","<a href=""Saint Peter's2019"">Saint Peter's2019</a>",16.0,16,490.0%
206,207,"<a href=""California"">California</a>",P12,6-8,"<a href=""Buffalo2013"">Buffalo2013</a>","<a href=""Western Michigan2012"">Western Michigan2012</a>","<a href=""Chattanooga2015"">Chattanooga2015</a>",15.3,15,480.0%
207,208,"<a href=""Seattle"">Seattle</a>",WAC,7-5,"<a href=""Fordham2004"">Fordham2004</a>","<a href=""Seattle2017"">Seattle2017</a>","<a href=""Columbia2004"">Columbia2004</a>",16.0,16,480.0%
208,209,"<a href=""Jacksonville St."">Jacksonville St.</a>",OVC,8-4,"<a href=""Boise St.2002"">Boise St.2002</a>","<a href=""Massachusetts2003"">Massachusetts2003</a>","<a href=""Fordham2005"">Fordham2005</a>",15.65,16,470.0%
209,210,"<a href=""Duquesne"">Duquesne</a>",A10,3-4,"<a href=""Wagner2012"">Wagner2012</a>","<a href=""Valparaiso2003"">Valparaiso2003</a>","<a href=""South Florida2019"">South Florida2019</a>",12.05,12,460.0%
210,211,"<a href=""Rice"">Rice</a>",CUSA,9-3,"<a href=""IUPUI2019"">IUPUI2019</a>","<a href=""William & Mary2019"">William & Mary2019</a>","<a href=""Vermont2002"">Vermont2002</a>",15.69,16,460.0%
211,212,"<a href=""Maine"">Maine</a>",AE,2-5,"<a href=""Southern2015"">Southern2015</a>","<a href=""Cleveland St.2016"">Cleveland St.2016</a>","<a href=""Stony Brook2007"">Stony Brook2007</a>",16.0,16,460.0%
212,213,"<a href=""LIU Brooklyn"">LIU Brooklyn</a>",NEC,4-1,"<a href=""Harvard2003"">Harvard2003</a>","<a href=""McNeese St.2005"">McNeese St.2005</a>","<a href=""High Point2005"">High Point2005</a>",16.0,16,440.0%
213,214,"<a href=""Green Bay"">Green Bay</a>",Horz,3-9,"<a href=""Rider2007"">Rider2007</a>","<a href=""Tennessee Tech2014"">Tennessee Tech2014</a>","<a href=""Louisiana Monroe2007"">Louisiana Monroe2007</a>",16.0,16,430.0%
214,215,"<a href=""Kent St."">Kent St.</a>",MAC,5-3,"<a href=""North Carolina2002"">North Carolina2002</a>","<a href=""Indiana St.2018"">Indiana St.2018</a>","<a href=""USC2014"">USC2014</a>",14.68,15,420.0%
215,216,"<a href=""UC Santa Barbara"">UC Santa Barbara</a>",BW,6-3,"<a href=""Charlotte2007"">Charlotte2007</a>","<a href=""Illinois Chicago2007"">Illinois Chicago2007</a>","<a href=""South Alabama2003"">South Alabama2003</a>",15.61,16,420.0%
216,217,"<a href=""Albany"">Albany</a>",AE,1-5,"<a href=""Colgate2003"">Colgate2003</a>","<a href=""Coastal Carolina2004"">Coastal Carolina2004</a>","<a href=""Jackson St.2009"">Jackson St.2009</a>",16.0,16,420.0%
217,218,"<a href=""Fort Wayne"">Fort Wayne</a>",Horz,4-5,"<a href=""Rice2019"">Rice2019</a>","<a href=""Bowling Green2018"">Bowling Green2018</a>","<a href=""Lafayette2002"">Lafayette2002</a>",16.0,16,410.0%
218,219,"<a href=""Miami OH"">Miami OH</a>",MAC,4-4,"<a href=""North Dakota St.2006"">North Dakota St.2006</a>","<a href=""Denver2004"">Denver2004</a>","<a href=""Quinnipiac2013"">Quinnipiac2013</a>",15.44,15,400.0%
219,220,"<a href=""Army"">Army</a>",Pat,6-3,"<a href=""Navy2009"">Navy2009</a>","<a href=""UNC Wilmington2010"">UNC Wilmington2010</a>","<a href=""California2018"">California2018</a>",16.0,16,400.0%
220,221,"<a href=""Coppin St."">Coppin St.</a>",MEAC,3-8,"<a href=""Elon2002"">Elon2002</a>","<a href=""Northwestern St.2009"">Northwestern St.2009</a>","<a href=""Alabama A&M2005"">Alabama A&M2005</a>",16.0,16,390.0%
221,222,"<a href=""Mercer"">Mercer</a>",SC,7-4,"<a href=""Ball St.2003"">Ball St.2003</a>","<a href=""Oakland2018"">Oakland2018</a>","<a href=""TCU2003"">TCU2003</a>",15.02,16,380.0%
222,223,"<a href=""Morgan St."">Morgan St.</a>",MEAC,5-3,"<a href=""North Dakota2019"">North Dakota2019</a>","<a href=""Evansville2019"">Evansville2019</a>","<a href=""Louisiana Lafayette2013"">Louisiana Lafayette2013</a>",16.0,16,370.0%
223,224,"<a href=""Southern"">Southern</a>",SWAC,1-4,"<a href=""Cal St. Northridge2006"">Cal St. Northridge2006</a>","<a href=""South Alabama2016"">South Alabama2016</a>","<a href=""Maine2013"">Maine2013</a>",16.0,16,370.0%
224,225,"<a href=""Long Beach St."">Long Beach St.</a>",BW,3-4,"<a href=""Florida Atlantic2005"">Florida Atlantic2005</a>","<a href=""Tennessee St.2002"">Tennessee St.2002</a>","<a href=""Nebraska Omaha2015"">Nebraska Omaha2015</a>",16.0,16,360.0%
225,226,"<a href=""Grambling St."">Grambling St.</a>",SWAC,4-6,"<a href=""Louisiana Monroe2004"">Louisiana Monroe2004</a>","<a href=""Quinnipiac2016"">Quinnipiac2016</a>","<a href=""UC Riverside2018"">UC Riverside2018</a>",16.0,16,350.0%
226,227,"<a href=""Quinnipiac"">Quinnipiac</a>",MAAC,3-3,"<a href=""Quinnipiac2016"">Quinnipiac2016</a>","<a href=""Louisiana Monroe2004"">Louisiana Monroe2004</a>","<a href=""Texas Southern2010"">Texas Southern2010</a>",16.0,16,350.0%
227,228,"<a href=""Middle Tennessee"">Middle Tennessee</a>",CUSA,3-5,"<a href=""Appalachian St.2004"">Appalachian St.2004</a>","<a href=""Hofstra2002"">Hofstra2002</a>","<a href=""San Jose St.2006"">San Jose St.2006</a>",15.51,16,340.0%
228,229,"<a href=""Youngstown St."">Youngstown St.</a>",Horz,7-5,"<a href=""New Orleans2007"">New Orleans2007</a>","<a href=""Hofstra2014"">Hofstra2014</a>","<a href=""Belmont2002"">Belmont2002</a>",16.0,16,340.0%
229,230,"<a href=""St. Francis PA"">St. Francis PA</a>",NEC,2-6,"<a href=""Florida Atlantic2017"">Florida Atlantic2017</a>","<a href=""Tennessee Martin2004"">Tennessee Martin2004</a>","<a href=""UMKC2014"">UMKC2014</a>",16.0,16,340.0%
230,231,"<a href=""Wagner"">Wagner</a>",NEC,1-5,"<a href=""New Hampshire2008"">New Hampshire2008</a>","<a href=""South Dakota St.2008"">South Dakota St.2008</a>","<a href=""North Carolina Central2019"">North Carolina Central2019</a>",16.0,16,340.0%
231,232,"<a href=""UMKC"">UMKC</a>",Sum,5-8,"<a href=""Saint Louis2015"">Saint Louis2015</a>","<a href=""Texas St.2014"">Texas St.2014</a>","<a href=""Bucknell2008"">Bucknell2008</a>",16.0,16,330.0%
232,233,"<a href=""St. Francis NY"">St. Francis NY</a>",NEC,4-3,"<a href=""Lafayette2005"">Lafayette2005</a>","<a href=""UNC Greensboro2013"">UNC Greensboro2013</a>","<a href=""North Carolina A&T2007"">North Carolina A&T2007</a>",16.0,16,330.0%
233,234,"<a href=""Utah Valley"">Utah Valley</a>",WAC,4-5,"<a href=""Cal St. Northridge2006"">Cal St. Northridge2006</a>","<a href=""South Alabama2016"">South Alabama2016</a>","<a href=""Florida Atlantic2018"">Florida Atlantic2018</a>",16.0,16,320.0%
234,235,"<a href=""Cal St. Fullerton"">Cal St. Fullerton</a>",BW,2-3,"<a href=""Louisiana Monroe2004"">Louisiana Monroe2004</a>","<a href=""North Carolina A&T2009"">North Carolina A&T2009</a>","<a href=""UC Riverside2018"">UC Riverside2018</a>",16.0,16,320.0%
235,236,"<a href=""Oregon St."">Oregon St.</a>",P12,5-5,"<a href=""Yale2007"">Yale2007</a>","<a href=""Winthrop2015"">Winthrop2015</a>","<a href=""Southern Illinois2017"">Southern Illinois2017</a>",15.47,15,310.0%
236,237,"<a href=""Vanderbilt"">Vanderbilt</a>",SEC,4-5,"<a href=""North Texas2008"">North Texas2008</a>","<a href=""North Dakota St.2008"">North Dakota St.2008</a>","<a href=""SMU2002"">SMU2002</a>",14.87,14,300.0%
237,238,"<a href=""Detroit"">Detroit</a>",Horz,1-7,"<a href=""Wofford2003"">Wofford2003</a>","<a href=""Georgia Southern2016"">Georgia Southern2016</a>","<a href=""Campbell2018"">Campbell2018</a>",16.0,16,300.0%
238,239,"<a href=""Wofford"">Wofford</a>",SC,7-4,"<a href=""Montana2016"">Montana2016</a>","<a href=""Cleveland St.2010"">Cleveland St.2010</a>","<a href=""Davidson2005"">Davidson2005</a>",15.56,16,290.0%
239,240,"<a href=""Evansville"">Evansville</a>",MVC,6-6,"<a href=""Rutgers2007"">Rutgers2007</a>","<a href=""Drexel2015"">Drexel2015</a>","<a href=""Navy2015"">Navy2015</a>",15.55,16,280.0%
240,241,"<a href=""Nicholls St."">Nicholls St.</a>",Slnd,5-5,"<a href=""Sam Houston St.2017"">Sam Houston St.2017</a>","<a href=""McNeese St.2006"">McNeese St.2006</a>","<a href=""Northeastern2003"">Northeastern2003</a>",16.0,16,280.0%
241,242,"<a href=""Western Carolina"">Western Carolina</a>",SC,7-3,"<a href=""Ball St.2003"">Ball St.2003</a>","<a href=""Oakland2018"">Oakland2018</a>","<a href=""TCU2003"">TCU2003</a>",15.06,16,270.0%
242,243,"<a href=""James Madison"">James Madison</a>",CAA,5-4,"<a href=""Duquesne2017"">Duquesne2017</a>","<a href=""Bowling Green2018"">Bowling Green2018</a>","<a href=""Cal St. Northridge2013"">Cal St. Northridge2013</a>",16.0,16,270.0%
243,244,"<a href=""Oakland"">Oakland</a>",Horz,3-12,"<a href=""Niagara2017"">Niagara2017</a>","<a href=""UT Arlington2007"">UT Arlington2007</a>","<a href=""Western Carolina2019"">Western Carolina2019</a>",16.0,16,250.0%
244,245,"<a href=""Niagara"">Niagara</a>",MAAC,5-5,"<a href=""Norfolk St.2015"">Norfolk St.2015</a>","<a href=""Georgia St.2006"">Georgia St.2006</a>","<a href=""Florida Atlantic2014"">Florida Atlantic2014</a>",15.5,16,240.0%
245,246,"<a href=""American"">American</a>",Pat,0-0,"<a href=""Gardner Webb2018"">Gardner Webb2018</a>","<a href=""East Carolina2019"">East Carolina2019</a>","<a href=""Duquesne2013"">Duquesne2013</a>",16.0,16,230.0%
246,247,"<a href=""Weber St."">Weber St.</a>",BSky,4-3,"<a href=""Norfolk St.2019"">Norfolk St.2019</a>","<a href=""Northern Colorado2017"">Northern Colorado2017</a>","<a href=""Hofstra2003"">Hofstra2003</a>",16.0,16,230.0%
247,248,"<a href=""Southeast Missouri St."">Southeast Missouri St.</a>",OVC,3-7,"<a href=""LIU Brooklyn2006"">LIU Brooklyn2006</a>","<a href=""Florida A&M2003"">Florida A&M2003</a>","<a href=""Northern Illinois2011"">Northern Illinois2011</a>",16.0,16,230.0%
248,249,"<a href=""High Point"">High Point</a>",BSth,3-6,"<a href=""Montana2004"">Montana2004</a>","<a href=""Elon2012"">Elon2012</a>","<a href=""Brown2005"">Brown2005</a>",16.0,16,220.0%
249,250,"<a href=""Appalachian St."">Appalachian St.</a>",SB,9-4,"<a href=""Florida Atlantic2013"">Florida Atlantic2013</a>","<a href=""Rider2004"">Rider2004</a>","<a href=""Loyola Chicago2009"">Loyola Chicago2009</a>",16.0,16,210.0%
250,251,"<a href=""Stetson"">Stetson</a>",ASun,3-5,"<a href=""Portland2018"">Portland2018</a>","<a href=""Rider2006"">Rider2006</a>","<a href=""Fordham2013"">Fordham2013</a>",16.0,16,210.0%
251,252,"<a href=""Florida A&M"">Florida A&M</a>",MEAC,2-6,"<a href=""South Carolina St.2009"">South Carolina St.2009</a>","<a href=""UT Arlington2005"">UT Arlington2005</a>","<a href=""Eastern Washington2010"">Eastern Washington2010</a>",16.0,16,210.0%
252,253,"<a href=""Lehigh"">Lehigh</a>",Pat,1-3,"<a href=""LIU Brooklyn2006"">LIU Brooklyn2006</a>","<a href=""Northern Illinois2011"">Northern Illinois2011</a>","<a href=""Eastern Washington2013"">Eastern Washington2013</a>",16.0,16,200.0%
253,254,"<a href=""Stony Brook"">Stony Brook</a>",AE,6-4,"<a href=""Montana St.2005"">Montana St.2005</a>","<a href=""UTSA2017"">UTSA2017</a>","<a href=""Delaware2005"">Delaware2005</a>",16.0,16,190.0%
254,255,"<a href=""Central Michigan"">Central Michigan</a>",MAC,5-7,"<a href=""Eastern Kentucky2003"">Eastern Kentucky2003</a>","<a href=""Niagara2014"">Niagara2014</a>","<a href=""Northern Arizona2005"">Northern Arizona2005</a>",16.0,16,190.0%
255,256,"<a href=""New Hampshire"">New Hampshire</a>",AE,4-5,"<a href=""Stephen F. Austin2017"">Stephen F. Austin2017</a>","<a href=""Santa Clara2010"">Santa Clara2010</a>","<a href=""North Dakota2013"">North Dakota2013</a>",16.0,16,180.0%
256,257,"<a href=""Longwood"">Longwood</a>",BSth,3-12,"<a href=""Kennesaw St.2007"">Kennesaw St.2007</a>","<a href=""Cal Poly2009"">Cal Poly2009</a>","<a href=""Appalachian St.2012"">Appalachian St.2012</a>",16.0,16,180.0%
257,258,"<a href=""Binghamton"">Binghamton</a>",AE,1-10,"<a href=""Stetson2007"">Stetson2007</a>","<a href=""UNC Greensboro2009"">UNC Greensboro2009</a>","<a href=""Mount St. Mary's2005"">Mount St. Mary's2005</a>",16.0,16,180.0%
258,259,"<a href=""Sam Houston St."">Sam Houston St.</a>",Slnd,10-5,"<a href=""North Dakota2016"">North Dakota2016</a>","<a href=""Iona2002"">Iona2002</a>","<a href=""Buffalo2007"">Buffalo2007</a>",15.0,15,170.0%
259,260,"<a href=""Mount St. Mary's"">Mount St. Mary's</a>",NEC,3-5,"<a href=""Furman2012"">Furman2012</a>","<a href=""Bowling Green2011"">Bowling Green2011</a>","<a href=""Liberty2011"">Liberty2011</a>",16.0,16,170.0%
260,261,"<a href=""Sacramento St."">Sacramento St.</a>",BSky,4-1,"<a href=""Furman2012"">Furman2012</a>","<a href=""Liberty2011"">Liberty2011</a>","<a href=""Albany2009"">Albany2009</a>",16.0,16,170.0%
261,262,"<a href=""Hampton"">Hampton</a>",BSth,6-8,"<a href=""Lafayette2005"">Lafayette2005</a>","<a href=""Florida A&M2014"">Florida A&M2014</a>","<a href=""North Carolina A&T2007"">North Carolina A&T2007</a>",16.0,16,170.0%
262,263,"<a href=""Illinois Chicago"">Illinois Chicago</a>",Horz,5-4,"<a href=""Stony Brook2018"">Stony Brook2018</a>","<a href=""Winthrop2003"">Winthrop2003</a>","<a href=""Campbell2009"">Campbell2009</a>",16.0,16,160.0%
263,264,"<a href=""South Alabama"">South Alabama</a>",SB,7-6,"<a href=""Akron2002"">Akron2002</a>","<a href=""Boston University2019"">Boston University2019</a>","<a href=""Tennessee Martin2016"">Tennessee Martin2016</a>",16.0,16,160.0%
264,265,"<a href=""Delaware"">Delaware</a>",CAA,4-5,"<a href=""Towson2008"">Towson2008</a>","<a href=""South Florida2016"">South Florida2016</a>","<a href=""Central Michigan2007"">Central Michigan2007</a>",16.0,16,160.0%
265,266,"<a href=""The Citadel"">The Citadel</a>",SC,8-1,"<a href=""Chicago St.2009"">Chicago St.2009</a>","<a href=""Texas Southern2019"">Texas Southern2019</a>","<a href=""Houston Baptist2019"">Houston Baptist2019</a>",16.0,16,160.0%
266,267,"<a href=""Elon"">Elon</a>",CAA,3-3,"<a href=""LIU Brooklyn2017"">LIU Brooklyn2017</a>","<a href=""Northern Kentucky2016"">Northern Kentucky2016</a>","<a href=""Cornell2013"">Cornell2013</a>",16.0,16,160.0%
267,268,"<a href=""Southern Miss"">Southern Miss</a>",CUSA,5-6,"<a href=""South Alabama2005"">South Alabama2005</a>","<a href=""Penn St.2004"">Penn St.2004</a>","<a href=""Bucknell2008"">Bucknell2008</a>",16.0,16,150.0%
268,269,"<a href=""UT Rio Grande Valley"">UT Rio Grande Valley</a>",WAC,6-3,"<a href=""UT Arlington2010"">UT Arlington2010</a>","<a href=""Cal St. Northridge2007"">Cal St. Northridge2007</a>","<a href=""Cal St. Northridge2010"">Cal St. Northridge2010</a>",16.0,16,150.0%
269,270,"<a href=""Idaho St."">Idaho St.</a>",BSky,6-5,"<a href=""UNC Wilmington2013"">UNC Wilmington2013</a>","<a href=""Montana St.2012"">Montana St.2012</a>","<a href=""Bethune Cookman2013"">Bethune Cookman2013</a>",16.0,16,150.0%
270,271,"<a href=""Portland St."">Portland St.</a>",BSky,2-6,"<a href=""LIU Brooklyn2004"">LIU Brooklyn2004</a>","<a href=""Mississippi Valley St.2011"">Mississippi Valley St.2011</a>","<a href=""Grambling St.2018"">Grambling St.2018</a>",16.0,16,150.0%
271,272,"<a href=""Morehead St."">Morehead St.</a>",OVC,8-6,"<a href=""North Carolina Central2012"">North Carolina Central2012</a>","<a href=""Southeastern Louisiana2008"">Southeastern Louisiana2008</a>","<a href=""Louisiana Lafayette2008"">Louisiana Lafayette2008</a>",16.0,16,140.0%
272,273,"<a href=""Austin Peay"">Austin Peay</a>",OVC,7-4,"<a href=""Arkansas St.2007"">Arkansas St.2007</a>","<a href=""Florida Atlantic2010"">Florida Atlantic2010</a>","<a href=""Rider2012"">Rider2012</a>",16.0,16,140.0%
273,274,"<a href=""Robert Morris"">Robert Morris</a>",Horz,3-3,"<a href=""LIU Brooklyn2017"">LIU Brooklyn2017</a>","<a href=""Portland2018"">Portland2018</a>","<a href=""Canisius2004"">Canisius2004</a>",16.0,16,140.0%
274,275,"<a href=""Boston University"">Boston University</a>",Pat,1-3,"<a href=""LIU Brooklyn2017"">LIU Brooklyn2017</a>","<a href=""Western Illinois2008"">Western Illinois2008</a>","<a href=""UMKC2008"">UMKC2008</a>",16.0,16,140.0%
275,276,"<a href=""Incarnate Word"">Incarnate Word</a>",Slnd,5-5,"<a href=""Colgate2010"">Colgate2010</a>","<a href=""Nicholls St.2013"">Nicholls St.2013</a>","<a href=""UMKC2009"">UMKC2009</a>",16.0,16,140.0%
276,277,"<a href=""Bucknell"">Bucknell</a>",Pat,0-4,"<a href=""UC Riverside2006"">UC Riverside2006</a>","<a href=""Alcorn St.2003"">Alcorn St.2003</a>","<a href=""Western Carolina2005"">Western Carolina2005</a>",16.0,16,140.0%
277,278,"<a href=""Marist"">Marist</a>",MAAC,6-4,"<a href=""North Dakota2012"">North Dakota2012</a>","<a href=""Oregon St.2008"">Oregon St.2008</a>","<a href=""San Diego2016"">San Diego2016</a>",16.0,16,130.0%
278,279,"<a href=""Nebraska Omaha"">Nebraska Omaha</a>",Sum,2-12,"<a href=""Jacksonville2005"">Jacksonville2005</a>","<a href=""Alcorn St.2003"">Alcorn St.2003</a>","<a href=""Jackson St.2006"">Jackson St.2006</a>",16.0,16,130.0%
279,280,"<a href=""North Florida"">North Florida</a>",ASun,3-9,"<a href=""Coastal Carolina2005"">Coastal Carolina2005</a>","<a href=""Sacred Heart2013"">Sacred Heart2013</a>","<a href=""LIU Brooklyn2010"">LIU Brooklyn2010</a>",16.0,16,130.0%
280,281,"<a href=""Cal St. Northridge"">Cal St. Northridge</a>",BW,4-3,"<a href=""Lipscomb2013"">Lipscomb2013</a>","<a href=""Jackson St.2002"">Jackson St.2002</a>","<a href=""Howard2003"">Howard2003</a>",16.0,16,130.0%
281,282,"<a href=""Rider"">Rider</a>",MAAC,3-8,"<a href=""Sacramento St.2018"">Sacramento St.2018</a>","<a href=""Arkansas Little Rock2010"">Arkansas Little Rock2010</a>","<a href=""McNeese St.2010"">McNeese St.2010</a>",16.0,16,120.0%
282,283,"<a href=""Northwestern St."">Northwestern St.</a>",Slnd,2-13,"<a href=""New Hampshire2002"">New Hampshire2002</a>","<a href=""Mercer2007"">Mercer2007</a>","<a href=""Georgia Southern2010"">Georgia Southern2010</a>",16.0,16,120.0%
283,284,"<a href=""USC Upstate"">USC Upstate</a>",BSth,3-10,"<a href=""New Orleans2015"">New Orleans2015</a>","<a href=""LIU Brooklyn2007"">LIU Brooklyn2007</a>","<a href=""Binghamton2018"">Binghamton2018</a>",16.0,16,120.0%
284,285,"<a href=""Iona"">Iona</a>",MAAC,5-3,"<a href=""James Madison2010"">James Madison2010</a>","<a href=""Marshall2013"">Marshall2013</a>","<a href=""Austin Peay2012"">Austin Peay2012</a>",16.0,16,110.0%
285,286,"<a href=""Northern Colorado"">Northern Colorado</a>",BSky,6-6,"<a href=""Cleveland St.2017"">Cleveland St.2017</a>","<a href=""Rice2010"">Rice2010</a>","<a href=""Columbia2005"">Columbia2005</a>",16.0,16,110.0%
286,287,"<a href=""Eastern Michigan"">Eastern Michigan</a>",MAC,4-4,"<a href=""Youngstown St.2007"">Youngstown St.2007</a>","<a href=""Mount St. Mary's2013"">Mount St. Mary's2013</a>","<a href=""American2019"">American2019</a>",None,None,0.0%
287,288,"<a href=""Fordham"">Fordham</a>",A10,1-4,"<a href=""Saint Peter's2018"">Saint Peter's2018</a>","<a href=""Georgia St.2011"">Georgia St.2011</a>","<a href=""Ball St.2010"">Ball St.2010</a>",None,None,0.0%
288,289,"<a href=""Florida Atlantic"">Florida Atlantic</a>",CUSA,6-6,"<a href=""Northern Illinois2004"">Northern Illinois2004</a>","<a href=""Southeastern Louisiana2019"">Southeastern Louisiana2019</a>","<a href=""DePaul2009"">DePaul2009</a>",None,None,0.0%
289,290,"<a href=""Lipscomb"">Lipscomb</a>",ASun,8-6,"<a href=""Western Carolina2012"">Western Carolina2012</a>","<a href=""South Dakota2015"">South Dakota2015</a>","<a href=""IPFW2009"">IPFW2009</a>",None,None,0.0%
290,291,"<a href=""Norfolk St."">Norfolk St.</a>",MEAC,6-4,"<a href=""Chattanooga2006"">Chattanooga2006</a>","<a href=""Siena2004"">Siena2004</a>","<a href=""Bowling Green2007"">Bowling Green2007</a>",None,None,0.0%
291,292,"<a href=""Towson"">Towson</a>",CAA,1-4,"<a href=""Wright St.2003"">Wright St.2003</a>","<a href=""Charleston Southern2011"">Charleston Southern2011</a>","<a href=""Charleston Southern2006"">Charleston Southern2006</a>",None,None,0.0%
292,293,"<a href=""Western Michigan"">Western Michigan</a>",MAC,2-8,"<a href=""Fordham2019"">Fordham2019</a>","<a href=""Miami OH2013"">Miami OH2013</a>","<a href=""Eastern Michigan2007"">Eastern Michigan2007</a>",None,None,0.0%
293,294,"<a href=""Northern Kentucky"">Northern Kentucky</a>",Horz,5-6,"<a href=""Lehigh2014"">Lehigh2014</a>","<a href=""Jacksonville2012"">Jacksonville2012</a>","<a href=""UNC Wilmington2007"">UNC Wilmington2007</a>",None,None,0.0%
294,295,"<a href=""Radford"">Radford</a>",BSth,8-6,"<a href=""Hartford2007"">Hartford2007</a>","<a href=""Wright St.2015"">Wright St.2015</a>","<a href=""Furman2012"">Furman2012</a>",None,None,0.0%
295,296,"<a href=""Campbell"">Campbell</a>",BSth,7-7,"<a href=""UNC Greensboro2015"">UNC Greensboro2015</a>","<a href=""Appalachian St.2012"">Appalachian St.2012</a>","<a href=""Cal Poly2009"">Cal Poly2009</a>",None,None,0.0%
296,297,"<a href=""North Carolina Central"">North Carolina Central</a>",MEAC,1-3,"<a href=""UMKC2008"">UMKC2008</a>","<a href=""Western Illinois2008"">Western Illinois2008</a>","<a href=""New Hampshire2005"">New Hampshire2005</a>",None,None,0.0%
297,298,"<a href=""Georgia Southern"">Georgia Southern</a>",SB,7-6,"<a href=""Marist2012"">Marist2012</a>","<a href=""Elon2010"">Elon2010</a>","<a href=""Monmouth2014"">Monmouth2014</a>",None,None,0.0%
298,299,"<a href=""Fairleigh Dickinson"">Fairleigh Dickinson</a>",NEC,2-6,"<a href=""Brown2016"">Brown2016</a>","<a href=""Idaho St.2004"">Idaho St.2004</a>","<a href=""Appalachian St.2016"">Appalachian St.2016</a>",None,None,0.0%
299,300,"<a href=""Air Force"">Air Force</a>",MWC,3-7,"<a href=""Southern Miss2006"">Southern Miss2006</a>","<a href=""Pacific2012"">Pacific2012</a>","<a href=""Eastern Kentucky2008"">Eastern Kentucky2008</a>",None,None,0.0%
300,301,"<a href=""North Alabama"">North Alabama</a>",ASun,5-3,"<a href=""Northern Illinois2008"">Northern Illinois2008</a>","<a href=""Harvard2006"">Harvard2006</a>","<a href=""Jackson St.2006"">Jackson St.2006</a>",None,None,0.0%
301,302,"<a href=""Merrimack"">Merrimack</a>",NEC,1-2,"<a href=""Cal Poly2008"">Cal Poly2008</a>","<a href=""Texas A&M Corpus Chris2019"">Texas A&M Corpus Chris2019</a>","<a href=""Navy2007"">Navy2007</a>",None,None,0.0%
302,303,"<a href=""New Mexico"">New Mexico</a>",MWC,4-6,"<a href=""Manhattan2007"">Manhattan2007</a>","<a href=""Sacred Heart2006"">Sacred Heart2006</a>","<a href=""Colgate2013"">Colgate2013</a>",None,None,0.0%
303,304,"<a href=""Cal Baptist"">Cal Baptist</a>",WAC,3-4,"<a href=""Tennessee St.2009"">Tennessee St.2009</a>","<a href=""Portland St.2019"">Portland St.2019</a>","<a href=""Cleveland St.2019"">Cleveland St.2019</a>",None,None,0.0%
304,305,"<a href=""Manhattan"">Manhattan</a>",MAAC,3-4,"<a href=""Youngstown St.2003"">Youngstown St.2003</a>","<a href=""Central Arkansas2008"">Central Arkansas2008</a>","<a href=""Charleston Southern2003"">Charleston Southern2003</a>",None,None,0.0%
305,306,"<a href=""Louisiana Monroe"">Louisiana Monroe</a>",SB,4-7,"<a href=""Fordham2018"">Fordham2018</a>","<a href=""Maine2012"">Maine2012</a>","<a href=""Southeastern Louisiana2013"">Southeastern Louisiana2013</a>",None,None,0.0%
306,307,"<a href=""Prairie View A&M"">Prairie View A&M</a>",SWAC,2-4,"<a href=""IPFW2003"">IPFW2003</a>","<a href=""Idaho St.2002"">Idaho St.2002</a>","<a href=""Miami OH2017"">Miami OH2017</a>",None,None,0.0%
307,308,"<a href=""William & Mary"">William & Mary</a>",CAA,3-5,"<a href=""Gardner Webb2004"">Gardner Webb2004</a>","<a href=""Siena2018"">Siena2018</a>","<a href=""Stetson2005"">Stetson2005</a>",None,None,0.0%
308,309,"<a href=""Troy"">Troy</a>",SB,6-5,"<a href=""Pepperdine2009"">Pepperdine2009</a>","<a href=""Fordham2018"">Fordham2018</a>","<a href=""William & Mary2005"">William & Mary2005</a>",None,None,0.0%
309,310,"<a href=""Bellarmine"">Bellarmine</a>",ASun,3-5,"<a href=""Fordham2011"">Fordham2011</a>","<a href=""Siena2018"">Siena2018</a>","<a href=""New Orleans2018"">New Orleans2018</a>",None,None,0.0%
310,311,"<a href=""North Dakota"">North Dakota</a>",Sum,3-10,"<a href=""Pepperdine2009"">Pepperdine2009</a>","<a href=""Siena2005"">Siena2005</a>","<a href=""Central Arkansas2008"">Central Arkansas2008</a>",None,None,0.0%
311,312,"<a href=""Jacksonville"">Jacksonville</a>",ASun,9-5,"<a href=""Bucknell2009"">Bucknell2009</a>","<a href=""Sacramento St.2010"">Sacramento St.2010</a>","<a href=""North Carolina A&T2012"">North Carolina A&T2012</a>",None,None,0.0%
312,313,"<a href=""New Orleans"">New Orleans</a>",Slnd,2-9,"<a href=""Manhattan2017"">Manhattan2017</a>","<a href=""Southern2004"">Southern2004</a>","<a href=""Norfolk St.2018"">Norfolk St.2018</a>",None,None,0.0%
313,314,"<a href=""Texas A&M Corpus Chris"">Texas A&M Corpus Chris</a>",Slnd,3-7,"<a href=""Pepperdine2009"">Pepperdine2009</a>","<a href=""William & Mary2005"">William & Mary2005</a>","<a href=""Alabama St.2006"">Alabama St.2006</a>",None,None,0.0%
314,315,"<a href=""SIU Edwardsville"">SIU Edwardsville</a>",OVC,3-4,"<a href=""Radford2008"">Radford2008</a>","<a href=""Radford2007"">Radford2007</a>","<a href=""Morgan St.2016"">Morgan St.2016</a>",None,None,0.0%
315,316,"<a href=""Sacred Heart"">Sacred Heart</a>",NEC,4-4,"<a href=""Cal St. Bakersfield2010"">Cal St. Bakersfield2010</a>","<a href=""Jackson St.2013"">Jackson St.2013</a>","<a href=""Youngstown St.2002"">Youngstown St.2002</a>",None,None,0.0%
316,317,"<a href=""San Jose St."">San Jose St.</a>",MWC,2-9,"<a href=""Longwood2010"">Longwood2010</a>","<a href=""Northwestern St.2010"">Northwestern St.2010</a>","<a href=""Texas St.2007"">Texas St.2007</a>",None,None,0.0%
317,318,"<a href=""Arkansas Pine Bluff"">Arkansas Pine Bluff</a>",SWAC,3-8,"<a href=""North Texas2017"">North Texas2017</a>","<a href=""McNeese St.2017"">McNeese St.2017</a>","<a href=""Jackson St.2002"">Jackson St.2002</a>",None,None,0.0%
318,319,"<a href=""North Carolina A&T"">North Carolina A&T</a>",MEAC,5-9,"<a href=""Jackson St.2002"">Jackson St.2002</a>","<a href=""Sacred Heart2003"">Sacred Heart2003</a>","<a href=""Western Carolina2018"">Western Carolina2018</a>",None,None,0.0%
319,320,"<a href=""Tennessee Tech"">Tennessee Tech</a>",OVC,1-13,"<a href=""Radford2007"">Radford2007</a>","<a href=""Jacksonville2018"">Jacksonville2018</a>","<a href=""Grambling St.2005"">Grambling St.2005</a>",None,None,0.0%
320,321,"<a href=""Arkansas St."">Arkansas St.</a>",SB,3-6,"<a href=""Florida Gulf Coast2008"">Florida Gulf Coast2008</a>","<a href=""SIU Edwardsville2012"">SIU Edwardsville2012</a>","<a href=""Cal St. Bakersfield2011"">Cal St. Bakersfield2011</a>",None,None,0.0%
321,322,"<a href=""Alabama A&M"">Alabama A&M</a>",SWAC,2-0,"<a href=""Grambling St.2005"">Grambling St.2005</a>","<a href=""Radford2007"">Radford2007</a>","<a href=""Jacksonville2018"">Jacksonville2018</a>",None,None,0.0%
322,323,"<a href=""Cal Poly"">Cal Poly</a>",BW,2-6,"<a href=""Portland2019"">Portland2019</a>","<a href=""SIU Edwardsville2012"">SIU Edwardsville2012</a>","<a href=""Mount St. Mary's2019"">Mount St. Mary's2019</a>",None,None,0.0%
323,324,"<a href=""Fairfield"">Fairfield</a>",MAAC,2-11,"<a href=""UMBC2003"">UMBC2003</a>","<a href=""SIU Edwardsville2013"">SIU Edwardsville2013</a>","<a href=""Jackson St.2019"">Jackson St.2019</a>",None,None,0.0%
324,325,"<a href=""Central Connecticut"">Central Connecticut</a>",NEC,2-8,"<a href=""Sacred Heart2003"">Sacred Heart2003</a>","<a href=""Northern Arizona2017"">Northern Arizona2017</a>","<a href=""SIU Edwardsville2017"">SIU Edwardsville2017</a>",None,None,0.0%
325,326,"<a href=""Western Illinois"">Western Illinois</a>",Sum,2-9,"<a href=""Navy2006"">Navy2006</a>","<a href=""Sacred Heart2003"">Sacred Heart2003</a>","<a href=""Howard2016"">Howard2016</a>",None,None,0.0%
326,327,"<a href=""Lamar"">Lamar</a>",Slnd,3-10,"<a href=""Loyola MD2005"">Loyola MD2005</a>","<a href=""UC Riverside2006"">UC Riverside2006</a>","<a href=""Western Carolina2005"">Western Carolina2005</a>",None,None,0.0%
327,328,"<a href=""Dixie St."">Dixie St.</a>",WAC,4-3,"<a href=""New Hampshire2003"">New Hampshire2003</a>","<a href=""McNeese St.2017"">McNeese St.2017</a>","<a href=""Houston Baptist2009"">Houston Baptist2009</a>",None,None,0.0%
328,329,"<a href=""Holy Cross"">Holy Cross</a>",Pat,2-2,"<a href=""Lafayette2009"">Lafayette2009</a>","<a href=""Western Illinois2004"">Western Illinois2004</a>","<a href=""Morgan St.2004"">Morgan St.2004</a>",None,None,0.0%
329,330,"<a href=""Kennesaw St."">Kennesaw St.</a>",ASun,3-9,"<a href=""Winston Salem St.2008"">Winston Salem St.2008</a>","<a href=""Nicholls St.2015"">Nicholls St.2015</a>","<a href=""Idaho St.2005"">Idaho St.2005</a>",None,None,0.0%
330,331,"<a href=""Tarleton St."">Tarleton St.</a>",WAC,2-4,"<a href=""Southern2003"">Southern2003</a>","<a href=""Nicholls St.2016"">Nicholls St.2016</a>","<a href=""North Carolina A&T2010"">North Carolina A&T2010</a>",None,None,0.0%
331,332,"<a href=""Southeastern Louisiana"">Southeastern Louisiana</a>",Slnd,3-9,"<a href=""UC Davis2007"">UC Davis2007</a>","<a href=""North Carolina A&T2010"">North Carolina A&T2010</a>","<a href=""Kennesaw St.2019"">Kennesaw St.2019</a>",None,None,0.0%
332,333,"<a href=""McNeese St."">McNeese St.</a>",Slnd,6-6,"<a href=""Eastern Michigan2002"">Eastern Michigan2002</a>","<a href=""High Point2003"">High Point2003</a>","<a href=""Bethune Cookman2017"">Bethune Cookman2017</a>",None,None,0.0%
333,334,"<a href=""Northern Arizona"">Northern Arizona</a>",BSky,3-9,"<a href=""Bethune Cookman2014"">Bethune Cookman2014</a>","<a href=""Campbell2014"">Campbell2014</a>","<a href=""Dartmouth2002"">Dartmouth2002</a>",None,None,0.0%
334,335,"<a href=""Delaware St."">Delaware St.</a>",MEAC,0-7,"<a href=""Southern2002"">Southern2002</a>","<a href=""Houston Baptist2010"">Houston Baptist2010</a>","<a href=""Coastal Carolina2002"">Coastal Carolina2002</a>",None,None,0.0%
335,336,"<a href=""Idaho"">Idaho</a>",BSky,0-10,"<a href=""Houston Baptist2014"">Houston Baptist2014</a>","<a href=""USC Upstate2019"">USC Upstate2019</a>","<a href=""Alcorn St.2004"">Alcorn St.2004</a>",None,None,0.0%
336,337,"<a href=""Alcorn St."">Alcorn St.</a>",SWAC,0-6,"<a href=""Nebraska Omaha2012"">Nebraska Omaha2012</a>","<a href=""Incarnate Word2018"">Incarnate Word2018</a>","<a href=""Longwood2013"">Longwood2013</a>",None,None,0.0%
337,338,"<a href=""Tennessee Martin"">Tennessee Martin</a>",OVC,3-6,"<a href=""Bethune Cookman2017"">Bethune Cookman2017</a>","<a href=""Alcorn St.2018"">Alcorn St.2018</a>","<a href=""North Carolina A&T2016"">North Carolina A&T2016</a>",None,None,0.0%
338,339,"<a href=""Howard"">Howard</a>",MEAC,1-4,"<a href=""UMBC2016"">UMBC2016</a>","<a href=""Southern2017"">Southern2017</a>","<a href=""Idaho St.2017"">Idaho St.2017</a>",None,None,0.0%
339,340,"<a href=""Charleston Southern"">Charleston Southern</a>",BSth,1-10,"<a href=""Southern Utah2010"">Southern Utah2010</a>","<a href=""Winston Salem St.2007"">Winston Salem St.2007</a>","<a href=""Florida A&M2013"">Florida A&M2013</a>",None,None,0.0%
340,341,"<a href=""Presbyterian"">Presbyterian</a>",BSth,3-4,"<a href=""Stetson2010"">Stetson2010</a>","<a href=""Fordham2009"">Fordham2009</a>","<a href=""Alabama St.2013"">Alabama St.2013</a>",None,None,0.0%
341,342,"<a href=""Houston Baptist"">Houston Baptist</a>",Slnd,2-9,"<a href=""Northern Arizona2016"">Northern Arizona2016</a>","<a href=""Fairleigh Dickinson2002"">Fairleigh Dickinson2002</a>","<a href=""Nicholls St.2005"">Nicholls St.2005</a>",None,None,0.0%
342,343,"<a href=""Denver"">Denver</a>",Sum,1-8,"<a href=""Gardner Webb2010"">Gardner Webb2010</a>","<a href=""Texas Southern2006"">Texas Southern2006</a>","<a href=""Mississippi Valley St.2016"">Mississippi Valley St.2016</a>",None,None,0.0%
343,344,"<a href=""Chicago St."">Chicago St.</a>",WAC,0-9,"<a href=""Mississippi Valley St.2018"">Mississippi Valley St.2018</a>","<a href=""Alabama St.2017"">Alabama St.2017</a>","<a href=""Morgan St.2003"">Morgan St.2003</a>",None,None,0.0%
344,345,"<a href=""Alabama St."">Alabama St.</a>",SWAC,1-3,"<a href=""Grambling St.2016"">Grambling St.2016</a>","<a href=""Binghamton2013"">Binghamton2013</a>","<a href=""Chicago St.2010"">Chicago St.2010</a>",None,None,0.0%
345,346,"<a href=""South Carolina St."">South Carolina St.</a>",MEAC,0-13,"<a href=""Longwood2005"">Longwood2005</a>","<a href=""Prairie View A&M2006"">Prairie View A&M2006</a>","<a href=""Delaware St.2019"">Delaware St.2019</a>",None,None,0.0%
346,347,"<a href=""Mississippi Valley St."">Mississippi Valley St.</a>",SWAC,0-10,"<a href=""Maryland Eastern Shore2005"">Maryland Eastern Shore2005</a>","<a href=""Prairie View A&M2006"">Prairie View A&M2006</a>","<a href=""Alcorn St.2010"">Alcorn St.2010</a>",None,None,0.0%
